ACIDUM SAR,ACIDUM SARCOLACTICUM
ACIDUM SAL,ACIDUM SALICYLICUM
ACIDUM SUL,ACIDUM SULPHURICUM
ACIDUM TAN,ACIDUM TANNICUM
ABELMOSCHUS,ABELMOSCHUS
ABIES CAN,ABIES CANADENSIS
ABROMA RAD,ABROMA RADIX
ABROTANUM,ABROTANUM
ABSINTHIUM,ABSINTHIUM
ACALYPHA IND,ACALYPHA INDICA
ACETANILIDUM,ACETANILIDUM(ANTIFEBRINUM)
ACHYRANTHES ASP,ACHYRANTHES ASPERA
ACIDUM ACE,ACIDUM ACETICUM
ACIDUM AGA,ACIDUM AGARICIUM
ACIDUM BOR,ACIDUM BORACICUM
ACIDUM BUT,ACIDUM BUTYRICUM
ACIDUM CHROM,ACIDUM CHROMICUM
ACIDUM CIT,ACIDUM CITRICUM
ACIDUM GAL,ACIDUM GALLICUM
ACIDUM HYDR BR,ACIDUM HYDROBROMICUM
ACIDUM LAC,ACIDUM LACTICUM
ACIDUM MUR,ACIDUM MURIATICUM
ACIDUM NIT MUR,ACIDUM NITRO MURIATICUM
ACIDUM HYDR FL,ACIDUM HYDROFLUORICUM
ACIDUM PIC,ACIDUM PICRICUM
ACIDUM TAR,ACIDUM TARTARICUM
ACIDUM URI,ACIDUM URICUM
ACONITUM FER,ACONITUM FEROX
ACONITUM LYC,ACONITUM LYCOCTONUM
ACONITUM RAD,ACONITUM RADICE
ACORUS CAL,ACORUS CALAMUS
ACTAEA SPI,ACTAEA SPICATA
ACTH,ADRENOCORTICOTROPHIN(ACTH
ADLUMIA FUN,ADLUMIA FUNGOSA
ADONIS VER,ADONIS VERNALIS
ADRENALINUM,ADRENALINUM
ADRENALINUM MUR,ADRENALINUM MUR
AEGLE MAR,AEGLE MARMELOS
AESCULINUM,AESCULINUM
AESCULUS GLA,AESCULUS GLABRA
AESCULUS HIP,AESCULUS HIPPOCASTANUM
AETHIOPS ANT,AETHIOPS ANTMONIALIS
AETHIOPS MER MIN,AETHIOPS MERCURIALIS MINERALIS
AETHUSA CYN,AETHUSA CYNAPIUM
AGARICUS EME,AGARICUS EMETICUS
AGARICUS PHA,AGARICUS PHALLOIDES
AGAVE AME,AGAVE AMERICANA
AGNUS CAS,AGNUS CASTUS
AGRAPHIS NUT,AGRAPHIS NUTANS
AGRIMONIA EUP,AGRIMONIA EUPATORIA
AGROSTEMMA GIT,AGROSTEMMA GITHAGO
AILANTHUS GLA,AILANTHUS GLANDULOSUS
ALETRIS FAR,ALETRIS FARINOSA
ALFALFA,ALFALFA
ALISMA PLA,ALISMA PLANTAGO
ALLIUM SAT,ALLIUM SATIVUM
ALLIUM URS,ALLIUM URSINUM
ALLOXAN,ALLOXAN
ALNUS GLU,ALNUS GLUTINOSA
ALNUS SER,ALNUS SERRULATA
ALOE SOC,ALOE SOCOTRINA
ALSTONIA CON,ALSTONIA CONSTRICTA
ALSTONIA SCH,ALSTONIA SCHOLARIS
ALTHAEA OFF,ALTHAEA OFFICINALIS
ALUMEN,ALUMEN
ALUMINA PHOS,ALUMINA PHOSPHORICA
ALUMINIUM ACE TA,ALUMINIUM ACETICO TARTARICUM
ALUMINIUM MET,ALUMINIUM METALLICUM
ALUMINIUM MUR,ALUMINIUM MURIATICUM
AMBROSIA ART,AMBROSIA ARTEMISIAEFOLIA
AMMI VIS,AMMI VISNAGA
AMMONIACUM GUM,AMMONIACUM GUMMI
AMMONIUM ACE,AMMONIUM ACETICUM
AMMONIUM BEN,AMMONIUM BENZOICUM
AMMONIUM BRO,AMMONIUM BROMATUM
AMMONIUM CAU,AMMONIUM CAUSTICUM
AMMONIUM IOD,AMMONIUM IODATUM
AMMONIUM MUR,AMMONIUM MURIATICUM
AMMONIUM NIT,AMMONIUM NITRICUM
AMMONIUM PHOS,AMMONIUM PHOSPHORICUM
AMMONIUM TAR,AMMONIUM TARTARICUM
AMMONIUM VAL,AMMONIUM VALERIANICUM
AMOORA ROH,AMOORA ROHITUKA
AMPELOPSIS QUI,AMPELOPSIS QUINQUEFOLIA
AMYGDALUS AMA,AMYGDALUS AMARA
AMYL NIT,AMYL NITROSUM
ANACARDIUM OCC,ANACARDIUM OCCIDENTALE
ANACARDIUM ORI,ANACARDIUM ORIENTALE
ANAGALLIS ARV,ANAGALLIS ARVENSIS
ANANAS SAT,ANANAS SATIVUS
ANATHERUM MUR,ANATHERUM MURICATUM
ANCHUSA OFF,ANCHUSA OFFICINALIS
ANDROGRAPHIS PAN,ANDROGRAPHIS PANICULATA(KALMEGH)
ANEMONE NEM,ANEMONE NEMOROSA
ANGELICA ARC,ANGELICA ARCHANGELICA
ANGUSTURA,ANGUSTURA
ANHALONIUM LEW,ANHALONIUM LEWINII
ANILINUM,ANILINUM
ANTHAMANTHA ORE,ANTHAMANTHA OREOSELINUM
ANTHEMIS NOB,ANTHEMIS NOBILIS
ANTHRACINUM,ANTHRACINUM
ANTIMONIUM ARS,ANTIMONIUM ARSENICICUM
ANTIMONIUM CRU,ANTIMONIUM CRUDUM
ANTIMONIUM IOD,ANTIMONIUM IODATUM
ANTIMONIUM MUR,ANTIMONIUM MURIATICUM
ANTIMONIUM OXI,ANTIMONIUM OXIDATUM
ANTIMONIUM SUL,ANTIMONIUM SULPHURATUM AUREUM
ANTIMONIUM TART,ANTIMONIUM TARTARICUM
ANTIPYRINUM,ANTIPYRINUM
APISINUM,APISINUM
APIUM GRA,APIUM GRAVEOLENS
APOCYNUM AND,APOCYNUM ANDROSAEMIFOLIUM
APOCYNUM CAN,APOCYNUM CANNABINUM
APOMORPHINUM MUR,APOMORPHINUM MURIATICUM
ARALIA RAC,ARALIA RACEMOSA
ARANEA DIA,ARANEA DIADEMA
ARBUTINUM,ARBUTINUM
ARECA CAT,ARECA CATECHU
ARGEMONE MEX,ARGEMONE MEXICANA
ARGENTUM CYA,ARGENTUM CYANATUM
ARGENTUM IOD,ARGENTUM IODATUM
ARGENTUM MUR,ARGENTUM MURALLICUM
ARGENTUM NIT,ARGENTUM NITRICUM
ARGENTUM OXY,ARGENTUM OXYDATUM
ARISTOLOCHIA CLE,ARISTOLOCHIA CLEMATITIS
ARISTOLOCHIA SER,ARISTOLOCHIA SERPENTARIA
ARMORACIA SAT,ARMORACIA SATIVA
ARNICA MONT,ARNICA MONTANA
ARSENICUM ALB,ARSENICUM ALBUM
ARSENICUM IOD,ARSENICUM IODATUM
ARSENICUM MET,ARSENICUM METALLICUM
ARSENICUM SUL FL,ARSENICUM SULPHURATUM FLAVUM
ARSENICUM SUL RU,ARSENICUM SULPHURATUM RUBRUM
ARTEMISIA VUL,ARTEMISIA VULGARIS
ARUM DRACO,ARUM DRACONTIUM
ARUM DRACUN,ARUM DRACUNCULUS
ARUM MAC,ARUM MACULATUM
ARUM TRI,ARUM TRIPHYLLUM
ASAFOETIDA,ASAFOETIDA
ASARUM CAN,ASARUM CANADENSE
ASARUM EUR,ASARUM EUROPAEUM
ASCLEPIAS CUR,ASCLEPIAS CURASSAVICA
ASCLEPIAS INC,ASCLEPIAS INCARNATA
ASCLEPIAS TUB,ASCLEPIAS TUBEROSA
ASPARAGUS OFF,ASPARAGUS OFFICINALIS
ASPERULA ODO,ASPERULA ODORATA
ASPIDOSPERMA QUE,ASPIDOSPERMA QUEBRACHO
ASPIDOSPERMINUM,ASPIDOSPERMINUM
ASTACUS FLU,ASTACUS FLUVIATILIS
ATISTA IND,ATISTA INDICA
ATISTA RAD,ATISTA RADIX
ATROPINUM,ATROPINUM
AURUM BRO,AURUM BROMATUM
AURUM COL,AURUM COLLOIDALE
AURUM IOD,AURUM IODATUM
AURUM MUR,AURUM MURIATICUM
AURUM MUR NAT,AURUM MURIATICUM NATRONATUM
AVENA SAT,AVENA SATIVA
AVIAIRE,AVIAIRE
AZADIRACHTA IND,AZADIRACHTA INDICA
BACILLINUM,BACILLINUM
BACOPA(BRAHMI),BACOPA MONNIERI(BRAHMI)
BADIAGA,BADIAGA
BALSAM PER,BALSAM PERUVIANUM
BAPTISIA TIN,BAPTISIA TINCTORIA
BARYTA ACE,BARYTA ACETICA
BARYTA IOD,BARYTA IODATA
BARYTA MUR,BARYTA MURIATICA
BAROSMA CRE,BAROSMA CRENATA
BARYTA PHOS,BARYTA PHOSPHORICA
BACILLUS COL,BACILLUS COLI
BELLADONNA,BELLADONNA
BELLIS PER,BELLIS PERENNIS
BENZENUM,BENZENUM
BERBERIS AQ,BERBERIS AQUIFOLIUM
BERBERIS VUL,BERBERIS VULGARIS
BERYLLIUM CARB,BERYLLIUM CARBONICUM
BERYLLIUM MET,BERYLLIUM METALLICUM
BETA VUL,BETA VULGARIS
BETULA PEN FOL,BETULA PENDULA FOLIA
BISMUTHUM MET,BISMUTHUM METALLICUM
BISMUTHUM OXY,BISMUTHUM OXYDATUM
BISMUTHUM SUBG,BISMUTHUM SUBGALLICUM
BISMUTHUM SUBN,BISMUTHUM SUBNITRICUM
BLATTA AME,BLATTA AMERICANA
BLATTA ORI,BLATTA ORIENTALIS
BOERHAAVIA DIF,BOERHAAVIA DIFFUSA
BOLDO,BOLDO
BORAGO OFF,BORAGO OFFICINALIS
BOTHROPS LAN,BOTHROPS LANCEOLATUS
BOVISTA,BOVISTA
BRACHYGLOTTIS RE,BRACHYGLOTTIS REPENS
BRASSICA OLE,BRASSICA OLERACEA
BROMIUM,BROMIUM
BRUCINUM,BRUCINUM
BRYONIA ALB,BRYONIA ALBA
BRYOPHYLLUM,BRYOPHYLLUM
BUFO RANA,BUFO RANA
BUXUS SEM,BUXUS SEMPERVIRENS
CACAO,CACAO
CACTUS GRA,CACTUS GRANDIFLORUS
CADMIUM BRO,CADMIUM BROMATUM
CADMIUM MET,CADMIUM METALLICUM
CADMIUM SUL RA,CADMIUM SULPHURATUM 
CADMIUM SUL RI,CADMIUM SULPHURITUM 
CAESALPINIA BON,CAESALPINIA BONDUCELLA
CAFFEINUM,CAFFEINUM
CAFFEINUM CIT,CAFFEINUM CITRICUM
CAINCA,CAINCA
CALCAREA ACE,CALCAREA ACETICA
CALCAREA ARS CO,CALCAREA ARSENICOSA
CALCAREA BROM,CALCAREA BROMATA
CALCAREA CARB,CALCAREA CARBONICA
CALCAREA CAU,CALCAREA CAUSTICA
CALCAREA FLU,CALCAREA FLUORICA
CALCAREA HYPHOS,CALCAREA HYPOPHOSPHOROSA
CALCAREA IOD,CALCAREA IODATA
CALCAREA LAC,CALCAREA LACTICA(CALCIUM LACTICA)
CALCAREA MUR,CALCAREA MURIATICA
CALCAREA OVA TOS,CALCAREA OVA TOSTA
CALCAREA OXA,CALCAREA OXALICA(CALCIUM OXALICA)
CALCAREA PHOS,CALCAREA PHOSPHORICA
CALCAREA SIL,CALCAREA SILICATA
CALCAREA SUL,CALCAREA SULPHURICA
CALCULI BIL,CALCULI BILIARI
CALCULI REN,CALCULI RENALES
CALENDULA OFF,CALENDULA OFFICINALIS
CALLUNA,CALLUNA
CALTHA PAL,CALTHA PALUSTRIS
CAMPHORA,CAMPHORA
CAMPHORA BRO(MON),CAMPHORA BROMATA(MONO)
CANCHALAGUA,CANCHALAGUA
CANDIDA ALB,CANDIDA ALBICANS
CANNABIS IND,CANNABIS INDICA
CANNABIS SAT,CANNABIS SATIVA
CANTHARIS,CANTHARIS
CAPSICUM ANN,CAPSICUM ANNUUM
CARBO ANI,CARBO ANIMALIS
CARBO VEG,CARBO VEGETABILIS
CARBONEUM OXY,CARBONEUM OXYGENISATUM
CARBONEUM SUL,CARBONEUM SULPHURATUM
CARBONEUM TET,CARBONEUM TETRAMURIATICUM
CARCINOSINUM,CARCINOSINUM
CARDIOSPERMUM HE,CARDIOSPERMUM HELICACABUM
CARDUUS BEN,CARDUUS BENEDICTUS
CARDUUS MAR,CARDUUS MARIANUS
CARICA PAP,CARICA PAPAYA
CARUM CAR,CARUM CARVI
CARYA ALB,CARYA ALBA
CASCARA SAG,CASCARA SAGRADA
CASCARILLA,CASCARILLA
CASSIA FIS,CASSIA FISTULA
CASSIA SOP,CASSIA SOPHERA
CASTANEA VES,CASTANEA VESCA
CASTOR EQU,CASTOR EQUI
CASTOREUM,CASTOREUM
CATALPA BIG,CATALPA BIGNONIOIDES
CATECHU,CATECHU
CAULOPHYLLUM TH,CAULOPHYLLUM THALICTROIDES
CAUSTICUM,CAUSTICUM
CENCHRIS CON,CENCHRIS CONTORTRIX
CENTAURIUM ERY,CENTAURIUM ERYTHRAEA(C.UMB)
CEPHALANDRA IND,CEPHALANDRA INDICA
CEREUS BON,CEREUS BONAPLANDI
CEREUS SER,CEREUS SERPENTINUS
CERIUM OXA,CERIUM OXALICUM
CETRARIA ISL,CETRARIA ISLANDICA
CHAMOMILLA,CHAMOMILLA
CHAPARO AMA,CHAPARO AMARGOSO
CHEIRANTHUS CHE,CHEIRANTHUS CHEIRI
CHELIDONIUM MAJ,CHELIDONIUM MAJUS
CHELONE GLA,CHELONE GLABRA
CHENOPODIUM GLA,CHENOPODIUM GLAUCUM
CHIMAPHILA MAC,CHIMAPHILA MACULATA
CHIMAPHILA UMB,CHIMAPHILA UMBELLATA
CHININUM ARS CI,CHININUM ARSENICICUM
CHININUM ARS CO,CHININUM ARSENICOCUM
CHININUM MUR,CHININUM MURIATICUM
CHININUM SAL,CHININUM SALICYLICUM
CHININUM SUL,CHININUM SULPHURICUM
CHIONANTHUS VIR,CHIONANTHUS VIRGINICA
CHLOROFORMIUM,CHLOROFORMIUM
CHOLESTERINUM,CHOLESTERINUM
CHROMIUM OXY,CHROMIUM OXYDATUM
CHRYSANTHEMUM P,CHRYSANTHEMUM PARTHENIUM
CHRYSAROBINUM,CHRYSAROBINUM
CICHORIUM INT,CICHORIUM INTYBUS
CICUTA MAC,CICUTA MACULATA
CICUTA VIR,CICUTA VIROSA
CIMAX LEC,CIMAX LEC
CHINA OFF,CINCHONA OFFICINALIS(CHINA)
CINERARIA MAR,CINERARIA MARITIMA
CINNABARIS,CINNABARIS
CINNAMOMUM,CINNAMOMUM
CISTUS CAN,CISTUS CANADENSIS
CITRUS LIM,CITRUS LIMONUM
CITRUS VUL,CITRUS VULGARIS
CLEMATIS ERE,CLEMATIS ERECTA
CLEMATIS VIT,CLEMATIS VITALBA
CLERODENDRON IN,CLERODENDRON INFORTUNATUM
COBALTUM MET,COBALTUM METALLICUM
COBALTUM MUR,COBALTUM MURIATICUM
COBALTUM NIT,COBALTUM NITRICUM
COCCULUS IND,COCCULUS INDICUS
COCCUS CAC,COCCUS CACTI
COCHLEARIA ARM,COCHLEARIA ARMORACIA
COFFEA CRU,COFFEA CRUDA
COFFEA TOS,COFFEA TOSTA
COLCHICINUM,COLCHICINUM
COLCHICUM AUT,COLCHICUM AUTUMNATA
COLEUS ARO,COLEUS AROMATICUS
COLIBACILLINUM,COLIBACILLINUM
COLLINSONIA CAN,COLLINSONIA CANADENSIS
COLOCYNTHIS,COLOCYNTHIS
COMOCLADIA DEN,COMOCLADIA DENTATA
CONDURANGO,CONDURANGO
CONIUM MAC,CONIUM MACULATUM
CONVALLARIA MAJ,CONVALLARIA MAJALIS
CONVOLVULUS ARV,CONVOLVULUS ARVENSIS
COPAIVA OFF,COPAIVA OFFICINALIS
CORALLIUM RUB,CORALLIUM RUBRUM
CORIANDRUM SAT,CORIANDRUM SATIVUM
CORNUS ALT,CORNUS ALTERNIFOLIA
CORNUS CIR,CORNUS CIRCINATA
CORNUS FLO,CORNUS FLORIDA
CORTISONE,CORTISONE
COTYLEDON UMB,COTYLEDON UMBILICUS
CRATAEGUS OXY,CRATAEGUS OXYACANTHA
CRESOLUM,CRESOLUM
CROTALUS CAS,CROTALUS CASCAVELLA
CROTON TIG,CROTON TIGLIUM
CUBEBA OFF,CUBEBA OFFICINALIS
CUCURBITA PEP,CUCURBITA PEPO
CUPRESSUS LAW,CUPRESSUS LAWSONIANA
CUPRUM ACE,CUPRUM ACETICUM
CUPRUM ARS,CUPRUM ARSENICOSUM
CUPRUM CARB,CUPRUM CARBONICUM
CUPRUM MET,CUPRUM METALLICUM
CUPRUM MUR,CUPRUM MURIATICUM
CUPRUM NIT,CUPRUM NITRICUM
CUPRUM OXY NIG,CUPRUM OXYDATUM NIGRUM
CUPRUM SUL,CUPRUM SULPHURICUM
CURCUMA LON,CURCUMA LONGA
CYCLAMEN EUR,CYCLAMEN EUROPAEUM
CYDONIA VUL,CYDONIA VULGARIS
CYNARA SCO,CYNARA SCOLYMUS
CYNODON DAC,CYNODON DACTYLON
CYPRIPEDIUM PUB,CYPRIPEDIUM PUBESCENS
DAMIANA,DAMIANA
DAPHNE IND,DAPHNE INDICA
DATISCA CAN,DATISCA CANNABINA
DATURA ARB,DATURA ARBOREA
DATURA MET,DATURA METEL
DICTAMNUS ALB,DICTAMNUS ALBUS
DIGITOXINUM,DIGITOXINUM
DINITROPHENOLUM,DINITROPHENOLUM
DIOSCOREA VIL,DIOSCOREA VILLOSA
DIPHTHERINUM,DIPHTHERINUM
DIRCA PAL,DIRCA PALUSTRIS
DOLICHOS,DOLICHOS 
DORYPHORA DEC,DORYPHORA DECEMLINEATA
DROSERA ROT,DROSERA ROTUNDIFOLIA
DUBOISIA MYO,DUBOISIA MYOPOROIDES
DULCAMARA,DULCAMARA
ECHINACEA ANG,ECHINACEA ANGUSTIFOLIA
ECHINACEA PUR,ECHINACEA PURPUREA
EICHHORNIA CRA,EICHHORNIA CRASSIPES
ELAEIS GUI,ELAEIS GUINEENSIS
ELAPS COR,ELAPS CORALLINUS
ELATERIUM,ELATERIUM
EMBELIA RIB,EMBELIA RIBES
ENTEROCOCCINUM,ENTEROCOCCINUM
EPHEDRA VUL,EPHEDRA VULGARIS
EPHEDRINUM MUR,EPHEDRINUM MURIATICUM
EPIGAEA REP,EPIGAEA REPENS
EPILOBINUM PAL,EPILOBINUM PALUSTRE
EPIPHEGUS VIR,EPIPHEGUS VIRGINIANA
EQUISETUM ARV,EQUISETUM ARVENSE
EQUISETUM HYE,EQUISETUM HYEMALE
ERECHTHITES HIE,ERECHTHITES
ERIGERON CAN,ERIGERON CANADENSE
ERODIUM CIC,ERODIUM CICUTARIUM
ERYNGIUM AQU,ERYNGIUM AQUATICUM
ERYNGIUM MAR,ERYNGIUM MARITIMUM
ESCHSCHOLTZIA CA,ESCHSCHOLTZIA CALIFORNICA
EUGENIA CAR,EUGENIA CARYOPHYLLATA
EUGENIA JAM,EUGENIA JAMBOSA
EUONYMUS ATR,EUONYMUS ATROPURPUREA
EUONYMUS EUR,EUONYMUS EUROPAEUS
EUPATORIUM ARO,EUPATORIUM AROMATICUM
EUPATORIUM CAN,EUPATORIUM CANNABINUM
EUPATORIUM PER,EUPATORIUM PERFOLIATUM
EUPATORIUM PUR,EUPATORIUM PURPURIUM
EUPHORBIA AMY,EUPHORBIA AMYGDALOIDES
EUPHORBIA COR,EUPHORBIA COROLLATA
EUPHORBIA CYP,EUPHORBIA CYPARISSIAS
EUPHORBIA LAT,EUPHORBIA LATHYRS
EUPHORBIA PIL,EUPHORBIA PILULIFERA
EUPIONUM,EUPIONUM
FAGOPYRUM ESC,FAGOPYRUM ESCULENTUM
FEL TAU,FEL TAURI
FERRUM ACE,FERRUM ACETICUM
FERRUM ARS CI,FERRUM ARSENICICUM
FERRUM CARB,FERRUM CARBONICUM
FERRUM IOD,FERRUM IODATUM
FERRUM LAC,FERRUM LACTICUM
FERRUM MAG,FERRUM MAGNETICUM
FERRUM PHOS,FERRUM PHOSPHORICUM
FERRUM OXY NIG,FERRUM OXYDULATUM NIGRUM
FERRUM PER,FERRUM PERNITRICUM
FERRUM MUR,FERRUM MURIATICUM
FERRUM SID,FERRUM SIDEREUM
FERRUM SUL RA,FERRUM SULPHURATUM
FERRUM TAR,FERRUM TARTARICUM
FICUS IND,FICUS INDICA
FICUS REL,FICUS RELIGIOSA
FILIPENDULA ULM,FILIPENDULA ULMARIA
FILIX MAS,FILIX MAS
FOENICULUM VUL,FOENICULUM VULGARE
FORMALINUM,FORMALINUM
FORMICA RUF,FORMICA RUFA
FRANCISCEA UNI,FRANCISCEA UNIFLORA
FRASERA CAR,FRASERA CAROLINIENSIS
FRAXINUS AME,FRAXINUS AMERICANA
FRAXINUS EXC,FRAXINUS EXCELSIOR
FUCUS VES,FUCUS VESICULOSUS
FUMARIA OFF,FUMARIA OFFICINALIS
GALANTHUS NIV,GALANTHUS NIVALIS
GALBANUM,GALBANUM
GALEGA OFF,GALEGA OFFICINALIS
GALIUM APA,GALIUM APARINE
GALLAE TUR,GALLAE TURCICAE
GALPHIMIA GLA,GALPHIMIA GLAUCA
GAMBOGIA,GAMBOGIA
GAULTHERIA PRO,GAULTHERIA PROCUMBENS
GELSEMIUM SEM,GELSEMIUM SEMPERVIRENS
GENISTA TIN,GENISTA TINCTORIA
GENTIANA CRU,GENTIANA CRUCIATA
GENTIANA LUT,GENTIANA LUTEA
GERANIUM MAC,GERANIUM MACULATUM
GERANIUM ROB,GERANIUM ROBERTIANUM
GEUM RIV,GEUM RIVALE
GEUM URB,GEUM URBANUM
GINKGO BIL,GINKGO BILOBA
GINSENG,GINSENG
GLANDULAE THY,GLANDULAE THYMI
GLECHOMA HED,GLECHOMA HEDERACEA
GLONOINUM,GLONOINUM
GLYCYRRHIZA GLA,GLYCYRRHIZA GLABRA
GNAPHALIUM LEO,GNAPHALIUM LEONTOPODIUM
GNAPHALIUM POL,GNAPHALIUM POLYCEPHALUM
GRATIOLA OFF,GRATIOLA OFFICINALIS
GOSSYPIUM HER,GOSSYPIUM HERBACEUM
GRANATUM,GRANATUM
GRAPHITES,GRAPHITES
GRINDELIA ROB,GRINDELIA ROBUSTA
GRINDELA SQU,GRINDELA SQUARROSA
GUACO,GUACO
GUAIACUM,GUAIACUM
GUARANA,GUARANA
GUAREA TRI,GUAREA TRICHILOIDES
GUN POWDER,GUN POWDER
GYMNEMA SYL,GYMNEMA SYLVESTRE
GYMNOCLADUS CAN,GYMNOCLADUS CANADENSIS
HAEMATOXYLON CAM,HAEMATOXYLON CAMPACHIANUM
HAMAMELIS VIR,HAMAMELIS VIRGINICA
HAPLOPAPPUS BAY,HAPLOPAPPUS BAYLAHUEN
HARUNGANA MAD,HARUNGANA MADAGASCARIENSIS
HARPAGOPHYTUM PR,HARPAGOPHYTUM PROCUMBENS
HEDEOMA PUL,HEDEOMA PULEGIOIDES
HEDERA HEL,HEDERA HELIX
HEKLA LAV,HEKLA LAVA
HELIANTHUS ANN,HELIANTHUS ANNUUS
HELIOTROPIUM PER,HELIOTROPIUM PERUVIANUM
HELLEBORUS FOE,HELLEBORUS FOETIDUS
HELLEBORUS NIG,HELLEBORUS NIGER
HELLEBORUS VIR,HELLEBORUS VIRIDIS
HELODERMA,HELODERMA
HELONIAS DIO,HELONIAS DIOICA
HEMIDESMUS IND,HEMIDESMUS INDICA
HEPAR SUL,HEPAR SULPHUR
HEPAR SUL KALI,HEPAR SULPHUR KALINUM
HEPATICA TRI,HEPATICA TRILOBA
HERNIARIA GLA,HERNIARIA GLABRA
HIPPOMANES,HIPPOMANES
HISTAMINUM HYD,HISTAMINUM HYDROCHLORICUM
HOANG NAN,HOANG NAN
HOLARRHENA ANT,HOLARRHENA ANTIDYSENTERICA
HYDRANGEA ARB,HYDRANGEA ARBORESCENS
HYDRASTIS CAN,HYDRASTIS CANADENSIS
HYDRASTININUM MU,HYDRASTININUM MURIATICUM
HYDROCOTYLE ASI,HYDROCOTYLE ASIATICA
HYDROPIPER,HYDROPIPER
HYGROPHILLA SPI,HYGROPHILLA SPINOSA
HYOSCYAMINUM,HYOSCYAMINUM
IBERIS AMA,IBERIS AMARA
ICHTHYOLUM,ICHTHYOLUM
IGNATIA AMA,IGNATIA AMARA
ILEX AQU,ILEX AQUIFOLIUM
ILEX PAR,ILEX PARAGUAYENSIS
ILLICIUM ANI,ILLICIUM ANISATUM
INDIGO,INDIGO
INDIUM MET,INDIUM METALLICUM
INDOLUM,INDOLUM
INFLUENZINUM,INFLUENZINUM
INULA,INULA
IODIUM,IODIUM
IODOFORMUM,IODOFORMUM
IRIDIUM MET,IRIDIUM METALLICUM
IRIS FOE,IRIS FOETIDISSIMA
IRIS GER,IRIS GERMANICA
IRIS TEN,IRIS TENAX
IRIS VER,IRIS VERSICOLOR
JABORANDI,JABORANDI
JACARANDA CAR,JACARANDA CAROBA
JALAPA,JALAPA
JANOSIA ASHOK,JANOSIA ASHOKA
JASMINUM OFF,JASMINUM OFFICINALE
JATROPHA CUR,JATROPHA CURCAS
JEQUIRITY,JEQUIRITY
JUGLANS CIN,JUGLANS CINEREA
JUGLANS REG,JUGLANS REGIA
JUNCUS EFF,JUNCUS EFFUSUS
JUNIPERUS COM,JUNIPERUS COMMUNIS
JUNIPERUS VIR,JUNIPERUS VIRGINIANA
JUSTICIA ADH,JUSTICIA ADHATODA
KALI ACE,KALI ACETICUM
KALI ARS,KALI ARSENICOSUM
KALI BICHR,KALI BICHROMICUM
KALI BROM,KALI BROMATUM
KALI CARB,KALI CARBONICUM
KALI CAU,KALI CAUSTICUM
KALI CHLOR,KALI CHLORICUM
KALI CHROM,KALI CHROMICUM 
KALI CIT,KALI CITRICUM
KALI CYA,KALI CYANATUM
KALI FER,KALI FERROCYANATUM
KALI MUR,KALI MURIATICUM
KALI NIT,KALI NITRICUM
KALI OXA,KALI OXALICUM
KALI PHOS,KALI PHOSPHORICUM
KALI PIC,KALI PICRICUM
KALI SUL,KALI SULPHURICUM
KALI TAR,KALI TARTARICUM
KALMIA LAT,KALMIA LATIFOLIA
KAMALA,KAMALA
KAOLINUM(ALUM SI),KAOLINUM(ALUMINA SILICATA)
KHELLINUM,KHELLINUM
KINO,KINO
KNAUTIA ARV,KNAUTIA ARVENSIS
KOUSSO,KOUSSO
KREOSOTUM,KREOSOTUM
LABURNUM ANA,LABURNUM ANAGYROIDES
LAC CAN,LAC CANINUM
LAC FEL,LAC FELINUM
LAC VAC DEF,LAC DEFLORATUM(VACINUM)
LACHESIS,LACHESIS
LACHNANTHES TIN,LACHNANTHES TINCTORIA
LACTUCA,LACTUCA
LAMIUM ALB,LAMIUM ALBUM
LAPIS ALB,LAPIS ALBUS
LAPPA MAJ,LAPPA MAJOR
LECITHINUM,LECITHINUM
LEDUM PAL,LEDUM PALUSTRE
LEMNA MIN,LEMNA MINOR
LEONURUS CAR,LEONURUS CARDIACA
LEPTANDRA,LEPTANDRA
LESPEDEZA CAP,LESPEDEZA CAPITATA
LESPEDEZA SIE,LESPEDEZA SIEBOLDII
LEUCUS ASP,LEUCUS ASPERA
LEVISTICUM OFF,LEVISTICUM OFFICINALE
LIATRIS SPI,LIATRIS SPICATA
LILIUM TIG,LILIUM TIGRINUM
LIMULUS,LIMULUS
LINARIA VUL,LINARIA VULGARIS
LINUM CAT,LINUM CATHARTICUM
LINUM USI,LINUM USITATISSIMUM
LITHIUM BEN,LITHIUM BENZOICUM
LITHIUM BRO,LITHIUM BROMATUM
LITHIUM CARB,LITHIUM CARBONICUM
LITHIUM CIT,LITHIUM CITRICUM
LITHIUM MUR,LITHIUM MURIATICUM
LITHOSPERMUM OFF,LITHOSPERMUM OFFICINALE
LOBELIA CARD,LOBELIA CARDINALIS
LOBELIA ERI,LOBELIA ERINUS
LOBELIA INF,LOBELIA INFLATA
LOBELIA SYP,LOBELIA SYPHILITICA
LOLIUM TEM,LOLIUM TEMULENTUM
LONICERA CAP,LONICERA CAPRIFOLIUM
LONICERA XYL,LONICERA XYLOSTEUM
LOPHOPHYTUM LEA,LOPHOPHYTUM LEANDRI
LUFFA AMA,LUFFA AMARA
LUFFA BIN,LUFFA BINDAL
LUFFA OPE,LUFFA OPERCULATA
LUPULINUM,LUPULINUM
LUPULUS,LUPULUS
LYCOPERSICUM ESC,LYCOPERSICUM ESCULENTUM
LYCOPUS EUR,LYCOPUS EUROPAEUS
LYCOPUS VIR,LYCOPUS VIRGINICUS
LYSSINUM,LYSSINUM
MAGNESIA CARB,MAGNESIA CARBONICA
MAGNESIUM MET,MAGNESIUM METALLICUM
MAGNESIUM OXY,MAGNESIUM OXYDATUM
MAGNESIUM PHOS,MAGNESIUM PHOSPHORICUM
MAGNESIA SUL,MAGNESIA SULPHURICA
MAGNOLIA GLA,MAGNOLIA GLAUCA
MAGNOLIA GRA,MAGNOLIA GRANDIFLORA
,
MALVA,MALVA
MANDRAGORA OFF,MANDRAGORA OFFICINARUM
MANGANUM ACE,MANGANUM ACETICUM
MANGANUM CARB,MANGANUM CARBONICUM
MANGANUM MET,MANGANUM METALLICUM
MANGANUM OXY,MANGANUM OXYDATUM NIGRUM
MANGANUM SUL,MANGANUM SULPHURICUM
MANGIFERA IND,MANGIFERA INDICA
MARRUBINUM VUL,MARRUBINUM VULGARE(ALBUM)
MATICO,MATICO
MEDORRHINUM,MEDORRHINUM
MELILOTUS ALB,MELILOTUS ALBA
MELILOTUS OFF,MELILOTUS OFFICINALIS
MELISSA,MELISSA
MENISPERMUM CAN,MENISPERMUM CANADENSE
MENTHA PIP,MENTHA PIPERITA
MENTHA PUL,MENTHA PULEGIUM
MENTHA VIR,MENTHA VIRIDIS
MENTHOLUM,MENTHOLUM
MENYANTHES TRI,MENYANTHES TRIFOLIATA
MEPHITIS PUT[MEP],MEPHITIS PUTORIUS(MEPHITICA)
MERC PRA ALB..,MERCURIUS PRECIPITATUS ALBUS
MERC AUR,MERCURIUS AURATUS
MERC CYA,MERCURIUS CYANATUS
MERC DUL,MERCURIUS DULCIS
MERC IOD FLA,MERCURIUS IODATUS FLAVUS
MERC IOD RUB,MERCURIUS IODATUS RUBER
MERC PRA ALB,MERCURIUS PRAECIPITATUS ALBUS
MERC PRA RUB,MERCURIUS PRAECIPITATUS RUBER
MERC SOL,MERCURIUS SOLUBILIS
MERC SUL,MERCURIUS SULPHURICUS
MERC VIV,MERCURIUS VIVUS
METHYLENE BLU,METHYLENE BLUE
MEZEREUM,MEZEREUM
MICA,MICA
MILLEFOLIUM,MILLEFOLIUM
MIMOSA HUM,MIMOSA HUMILIS
MIMOSA PUD,MIMOSA PUDICA
MITCHELLA REP,MITCHELLA REPENS
MOMORDICA BAL,MOMORDICA BALSAMINA
MONOTROPA UNI,MONOTROPA UNIFLORA
MORBILINUM,MORBILINUM
MORPHINUM MUR,MORPHINUM MURIATICUM
MOSCHUS,MOSCHUS
MUIRA PUA,MUIRA PUAMA
MUREX PUR,MUREX PURPUREA
MYGALE,MYGALE
MYOSOTIS ARV,MYOSOTIS ARVENSIS
MYRICA CER,MYRICA CERIFERA
MYRISTICA SEB,MYRISTICA SEBIFERA
MYRRHA,MYRRHA
MYRRHIS ODO,MYRRHIS ODORATA
MYRTILLOCACTUS G,MYRTILLOCACTUS GEOMETRIZANS
MYRTUS COM,MYRTUS COMMUNIS
NAJA TRI,NAJA TRIPUDIANS
NAPHTHALINUM,NAPHTHALINUM
NARCISSUS POE,NARCISSUS POETICUS
NARCISSUS PSE NA,NARCISSUS PSEUDONARCISSUS
NASTURTIUM OFF,NASTURTIUM OFFICINALE
NATRUM ACE,NATRUM ACETICUM
NATRUM ARS IC,NATRUM ARSENICUM
NATRUM BEN,NATRUM BENZOICUM
NATRUM BICARB,NATRUM BICARBONICUM
NATRUM BICHRO,NATRUM BICHROMICUM
NATRUM BROM,NATRUM BROMATUM
NATRUM CAU,NATRUM CAUSTICUM
NATRUM FLUOR,NATRUM FLUORICUM
NATRUM HYPOC,NATRUM HYPOCHLOROSUM
NATRUM IOD,NATRUM IODATUM
NATRUM LAC,NATRUM LACTICUM
NATRUM MUR,NATRUM MURIATICUM
NATRUM NIT IC,NATRUM NITRICUM
NATRUM NIT IC..,NATRUM NITRICUM
NATRUM OXA,NATRUM OXALICUM
NATRUM PHOS,NATRUM PHOSPHORICUM
NATRUM SAL,NATRUM SALICYLICUM
NATRUM SIL,NATRUM SILICATUM
NATRUM SIL FLU,NATRUM SILICO FLUORICUM
NATRUM SUL IC,NATRUM SULPHURICUM
NEGUNDIUM AME,NEGUNDIUM AMERICANA
NICCOLUM CARB,NICCOLUM CARBONICUM
NICCOLUM MET,NICCOLUM METALLICUM
NICCOLUM SUL,NICCOLUM SULPHURICUM
NICOTINUM,NICOTINUM
NITROBENZOLUM,NITROBENZOLUM
NUPHAR LUT,NUPHAR LUTEA
NUX MOS,NUX MOSCHATA
NUX VOM,NUX VOMICA
NYCTANTHES ARB,NYCTANTHES ARBORTRISTIS
NYMPHAEA ODO,NYMPHAEA ODORATA
OCIMUM CAN,OCIMUM CANUM
OCIMUM GRA,OCIMUM GRATISSIMUM
OCIMUM SAN,OCIMUM SANCTUM
OENANTHE CRO,OENANTHE CROCATA
OENOTHERA BIE,OENOTHERA BIENNIS
OKOUBAKA,OKOUBAKA
OLEA EUR,OLEA EUROPAEA
OLEANDER,OLEANDER
OLEUM ANI,OLEUM ANIMALE
OLEUM CAJ,OLEUM CAJUPUTI
OLEUM CRO,OLEUM CROTONIS
OLEUM GAU,OLEUM GAULTHERIAE
OLEUM JEC(MORR),OLEUM JECORIS(MORRHUAE)
OLEUM RIC,OLEUM RICINI
OLEUM SAN,OLEUM SANTALI
OLIBANUM,OLIBANUM
ONONIS SPI,ONONIS SPINOSA
ONOSMODIUM VIR,ONOSMODIUM VIRGINIANUM
OPIUM,OPIUM
OPUNTIA,OPUNTIA
ORIGANUM VUL,ORIGANUM VULGARE
ORNITHOGALUM UMB,ORNITHOGALUM UMBELLATUM
OSMIUM MET,OSMIUM METALLICUM
OXALIS ACE,OXALIS ACETOSELLA
OXYTROPIS LAM,OXYTROPIS LAMBERTI
PAEONIA OFF,PAEONIA OFFICINALIS
PALLADIUM,PALLADIUM
PANCREATINUM,PANCREATINUM
PAPAVER RHO,PAPAVER RHOEAS
PAPAVERINUM HYD,PAPAVERINUM HYDROCHLORICUM
PAREIRA BRA,PAREIRA BRAVA
PARIETARIA,PARIETARIA OFFICINALIS
PARIS QUA,PARIS QUADRIFOLIA
PARTHENIUM,PARTHENIUM
PASSIFLORA INC,PASSIFLORA INCARNATA
PASTINACA SAT,PASTINACA SATIVA
PENICILLINUM,PENICILLINUM
PENTHORUM SED,PENTHORUM SEDOIDES
PEPSINUM,PEPSINUM
PEPTONUM,PEPTONUM
PERILLA FRU,PERILLA FRUTESCENS
PERSEA AME,PERSEA AMERICANA
PERTUSSINUM,PERTUSSINUM
PETROLEUM,PETROLEUM
PHASEOLUS NAN,PHASEOLUS NANUS
PHELLANDRIUM AQ,PHELLANDRIUM AQUATICUM
PHENOLPHTHALEINM,PHENOLPHTHALEINM
PHOSPHORUS,PHOSPHORUS
PHOSPHORUS AMO,PHOSPHORUS AMORPHUS
PHYSALIC ALK,PHYSALIC ALKEKENGI
PHYSOSTIGMINUM P,PHYSOSTIGMINUM PURUM
PHYTOLACCA,PHYTOLACCA
PHYTOLACCA BER,PHYTOLACCA BERRY
PICHI PIC,PICHI PICHI
PIMPINELLA ANI,PIMPINELLA ANISUM
PIMPINELLA SAX,PIMPINELLA SAXIFRAGA
PINUS LAM,PINUS LAMBERTIANA
PINUS SYL,PINUS SYLVESTRIS
PIPER MET,PIPER METHYSTICUM
PIPER NIG,PIPER NIGRUM
PIPERAZINUM,PIPERAZINUM
PIX LIQ,PIX LIQUIDA
PLANTAGO MAJ,PLANTAGO MAJOR
PLATINUM MET,PLATINUM METALLICUM
PLATANUS,PLATANUS 
PLECTRANTHUS FRU,PLECTRANTHUS FRUTICOSUS
PLUMBUM ACE,PLUMBUM ACETICUM
PLUMBUM CARB,PLUMBUM CARBONICUM
PLUMBUM CHR,PLUMBUM CHROMICUM
PLUMBUM IOD,PLUMBUM IODATUM
PLUMBUM MET,PLUMBUM METALLICUM
PODOPHYLLINUM,PODOPHYLLINUM
PODOPHYLLUM PEL,PODOPHYLLUM PELTATUM
POLYPORUS OFF,POLYPORUS OFFICINALIS
POLYPORUS PIN,POLYPORUS PINICOLA
POPULUS CAN,POPULUS CANDICANS
POTENTILLA ANS,POTENTILLA ANSERINA
POTENTILLA ERE,POTENTILLA ERECTA
POTHOS FOE,POTHOS FOETIDUS
PREDNISOLONUM,PREDNISOLONUM
PRIMULA OBC,PRIMULA OBCONICA
PRIMULA VER,PRIMULA VERIS
PROTEUS VUL,PROTEUS VULGARIS
PRUNUS SPI,PRUNUS SPINOSA
PSORINUM,PSORINUM
PTELEA TRI,PTELEA TRIFOLIA
PULEX IRR,PULEX IRRITANS
PULMONARIA VUL,PULMONARIA VULGARIS
PULSATILLA,PULSATILLA NIGRICANS
PYRITES,PYRITES
QUARZ,QUARZ
QUASSIA,QUASSIA
QUERCUS E GLA,QUERCUS E GLANDIBUS
QUERCUS ROB,QUERCUS ROBUR
QUILLAYA SAP,QUILLAYA SAPONARIA
RANUNCULUS ACR,RANUNCULUS ACRIS
RANUNCULUS BUL,RANUNCULUS BULBOSUS
RANUNCULUS FIC,RANUNCULUS FICARIA
RANUNCULUS REP,RANUNCULUS REPENA
RANUNCULUS SCE,RANUNCULUS SCELERATUS
RATANHIA,RATANHIA
RAUVOLFIA SER,RAUVOLFIA SERPENTINA
ROSMARINUS OFF,ROSMARINUS OFFICINALIS
RHAMNUS CAL,RHAMNUS CALIFORNICA
RHAMNUS FRA,RHAMNUS FRANGULA
RHEUM,RHEUM
RHODODENDRON CHR,RHODODENDRON CHRYSANTHUM
RHUS ARO,RHUS AROMATICA
RHUS GLA,RHUS GLABRA
RHUS RAD,RHUS RADICANS
RHUS TOX,RHUS TOXICODENDRON
RHUS VEN,RHUS VENENATA
RICINUS COM,RICINUS COMMUNIS
ROBINIA PSE,ROBINIA PSEUDACACIA
ROSA CAN,ROSA CANINA
ROSA DAM,ROSA DAMASCENA
RUBIA TIN,RUBIA TINCTORUM
RUBIDIUM MUR,RUBIDIUM MURIATCUM(RUBIDIUM CHLORATUM)
RUMEX ACE,RUMEX ACETOSA
RUMEX CRI,RUMEX CRISPUS
RUMEX OBT,RUMEX OBTUSIFOLIUS
RUTA GRA,RUTA GRAVEOLENS
SABAL SER,SABAL SERRULATA
SABINA,SABINA
SACCHARUM OFF,SACCHARUM OFFICINALE
SACCHARINUM,SACCHARINUM
SAL CAR,SAL CAROLINUM
SALIX ALB,SALIX ALBA
SALIX NIG,SALIX NIGRA
SALIX PUR,SALIX PURPUREA
SALOLUM,SALOLUM
SALVIA OFF,SALVIA OFFICINALIS
SAMBUCUS CAN,SAMBUCUS CANADENSIS
SAMBUCUS NIG,SAMBUCUS NIGRA
SANGUINARIA CAN,SANGUINARIA CANADENSIS
SANGUINARINUM NIT,SANGUINARINUM NITRICUM
SANTALUM ALB,SANTALUM ALBUM
SAPONARIA OFF,SAPONARIA OFFICINALIS
SAPONINUM,SAPONINUM
SARRACENIA PUR,SARRACENIA PURPUREA
SARSAPARILLA,SARSAPARILLA
SASSAFRAS,SASSAFRAS
SAXIFRAGA,SAXIFRAGA
SCAMMONIUM,SCAMMONIUM
SCARLATINUM,SCARLATINUM
SQUILLA(SCILLA),SQUILLA(SCILLA)
SCOPOLAMINUM HY,SCOPOLAMINUM HYDROBROMICUM
SCROPHULARIA NOD,SCROPHULARIA NODOSA
SCUTELLARIA,SCUTELLARIA
SECALE CER,SECALE CEREALE
SECALE COR,SECALE CORNUTUM
SEDUM ACR,SEDUM ACRE
SEMPERVIVUM TEC,SEMPERVIVUM TECTORUM
SENECIO AURE,SENECIO AUREUS
SENECIO JAC,SENECIO JACOBAEA
SENEGA,SENEGA
SENNA,SENNA
SEPIA,SEPIA
SERUM ANG,SERUM ANGUILLAE
SILICEA,SILICEA
SILICA MAR,SILICA MARINA
SILPHIUM LAC,SILPHIUM LACINIATUM
SINAPIS ALB,SINAPIS ALBA
SINAPIS NIG,SINAPIS NIGRA
SOLANUM NIG,SOLANUM NIGRUM
SOLANUM TUB,SOLANUM TUBEROSUM AEGROTANS
SOLANUM XAN,SOLANUM XANTHOCARPUM
SOLIDAGO VIR,SOLIDAGO VIRGAUREA
SPARTEINUM SUL,SPARTEINUM SULPHURICUM
SPIGELIA,SPIGELIA
SPIGELIA MAR,SPIGELIA MARILANDICA
SPILANTHES OLE,SPILANTHES OLERACEA
SPINACEA OLE,SPINACEA OLERACEA
SPIRANTHES AUT,SPIRANTHES AUTUMNALIS
SPIRITUS AET NIT,SPIRITUS AETHERIS NITROSI(DULCIS)
SPONGIA TOS,SPONGIA TOSTA
STACHYS OFF,STACHYS OFFICINALIS
STANNUM IOD,STANNUM IODATUM
STANNUM MET,STANNUM METALLICUM
STANNUM SUL,STANNUM SULPHURATUM
STAPHYLOCOCCINUM,STAPHYLOCOCCINUM
STELLARIA MED,STELLARIA MEDIA
STERCULIA ACC,STERCULIA ACCUMINATA
STIBIUM MET,STIBIUM METALLICUM
STICTA PUL,STICTA PULMONARIA
STIGMATA MAY,STIGMATA MAYDIS
STILLINGIA SIL,STILLINGIA SILVATICA
STRAMONIUM,STRAMONIUM
STRONTIUM BRO,STRONTIUM BROMATUM
STRONTIUM CARB,STRONTIUM CARBONICUM
STRONTIUM IOD,STRONTIUM IODATUM
STROPHANTHUS HIS,STROPHANTHUS HISPIDUS
STROPHANTHUS KOM,STROPHANTHUS KOMBE
STRYCHNINUM NIT,STRYCHNINUM NITRICUM
STRYCHNINUM PHOS,STRYCHNINUM PHOSPHORICUM
STRYCHNINUM PUR,STRYCHNINUM(PURUM)
STRYCHNINUM SUL,STRYCHNINUM SULPHURICUM
STRYCHNINUM VAL,STRYCHNINUM VALERIANICUM
SUCCINUM,SUCCINUM
SULPHUR,SULPHUR
SULPHUR IOD,SULPHUR IODATUM
SUMBULUS MOS,SUMBULUS MOSCHATUS
SWERTIA CHI,SWERTIA CHIRATA
SYMPHORICARPUS R,SYMPHORICARPUS RACEMOSUS
SYMPHYTUM OFF,SYMPHYTUM OFFICINALE
SYPHILINUM,SYPHILINUM
SYZYGIUM JAM,SYZYGIUM JAMBOLANUM
TABACUM,TABACUM
TAMUS COM,TAMUS COMMUNIS
TANACETUM VUL,TANACETUM VULGARE
TARAXACUM,TARAXACUM
TARENTULA CUB,TARENTULA CUBENSIS
TARENTULA HIS,TARENTULA HISPANICA
TARTARUS CRU,TARTARUS CRUDUS
TARTARUS DEP,TARTARUS DEPURATUS
TAXUS BAC,TAXUS BACCATA
TERMINALIA ARJ,TERMINALIA ARJUNA
TERMINALIA CHE,TERMINALIA CHEBULA
TESTA OVO,TESTA OVO
TEUCRIUM SCO,TEUCRIUM SCORODONIA
THALLIUM SUL,THALLIUM SULPHURICUM
THEA CHI,THEA CHINENSIS
THIOSINAMINUM,THIOSINAMINUM
THLASPI BUR PAS,THLASPI BURSA PASTORIS
THUJA OCC,THUJA OCCIDENTALIS
THYMOLUM,THYMOLUM
THYMUS SER,THYMUS SERPYLLUM
THYMUS VUL,THYMUS VULGARIS
THYROIDINUM,THYROIDINUM
TILIA EUR,TILIA EUROPAEA
TINOSPORA COR,TINOSPORA CORDIFOLIA
TITANIUM MET,TITANIUM 
TONGO,TONGO
TRADESCANTIA DIU,TRADESCANTIA DIURETICA
TRIBULUS TER,TRIBULUS TERRESTRIS
TRICHOSANTHES DI,TRICHOSANTHES DIOICA
TRIFOLIUM PRA,TRIFOLIUM PRATENSE
TRIFOLIUM REP,TRIFOLIUM REPENS
TRILLIUM PEN,TRILLIUM PENDULUM
TRIOSTEUM PER,TRIOSTEUM PERFOLIATUM
TRITICUM REP,TRITICUM REPENS
TROPAEOLUM MAJ,TROPAEOLUM MAJUS
TUBERCULINUM BOV,TUBERCULINUM(BOVINUM)
TUBERCULINUM GT,TUBERCULINUM GT
TUSSILAGO FAR,TUSSILAGO FARFARA
TUSSILAGO PET,TUSSILAGO PETASITES
TYLOPHORA IND,TYLOPHORA INDICA
UPAS TIE,UPAS TIEUTI
URANIUM NIT,URANIUM NITRICUM
UREA PUR,UREA PUR
URTICA DIO,URTICA DIOICA
URTICA URE,URTICA URENS
USNEA BAR,USNEA BARBATA
USTILAGO MAY,USTILAGO MAYDIS
UVA URS,UVA URS
VACCININUM,VACCININUM
VACCINIUM MYR,VACCINIUM MYRTILLUS
VACCINOTOXINUM,VACCINOTOXINUM
VANADIUM MET,VANADIUM METALLICUM
VARIOLINUM,VARIOLINUM
VERATRUM ALB,VERATRUM ALBUM
VERATRUM VIR,VERATRUM VIRIDE
VERBASCUM THA,VERBASCUM THAPSUS
VERBENA OFF,VERBENA OFFICINALIS
VERBENA HAS,VERBENA HASTATA
VERNONIA ANT,VERNONIA ANTHELMINTICA
VERONICA BEC,VERONICA BECCABUNGA
VERONICA OFF,VERONICA OFFICINALIS
VIBURNUM OPU,VIBURNUM OPULUS
VIBURNUM PRU,VIBURNUM PRUNIFOLIUM
VINCA MIN,VINCA MINOR
VINCETOXICUM HIR,VINCETOXICUM HIRUDINARIA
VIOLA ODO,VIOLA ODORATA
VIOLA TRI,VIOLA TRICOLOR
VISCUM ALB,VISCUM ALBUM
VITIS VIN,VITIS VINIFERA
WITHANIA SOM,WITHANIA SOMNIFERA(ASHVAGANDHA)
WYETHIA HEL,WYETHIA HELENIODES
XANTHOXYLUM FRA,XANTHOXYLUM FRAXINEUM
XEROPHYLLUM,XEROPHYLLUM
YOHIMBINUM,YOHIMBINUM
YOHIMBINUM..,YOHIMBINUM
YUCCA FIL,YUCCA FILAMENTOSA
ZINCUM ACE,ZINCUM ACETICUM
ZINCUM ARS,ZINCUM ARSENICOSUM
ZINCUM BRO,ZINCUM BROMATUM
ZINCUM CARB,ZINCUM CARBONICUM
ZINCUM CYA,ZINCUM CYANATUM
ZINCUM IOD,ZINCUM IODATUM
ZINCUM MET,ZINCUM METALLICUM
ZINCUM MUR,ZINCUM MURIATICUM
ZINCUM OXY,ZINCUM OXYDATUM
ZINCUM PIC,ZINCUM PICRINICUM
ZINCUM SUL,ZINCUM SULPHURICUM
ZINCUM SAL,ZINCUM SALICYLICUM
ZINCUM VAL,ZINCUM VALERIANICUM
ZINGIBER OFF,ZINGIBER OFFICINALE
ABIES NIG,ABIES NIGRA
ABROMA AUG,ABROMA AUGUSTA
ACIDUM BEN,ACIDUM BENZOICUM
ACIDUM CARB,ACIDUM CARBOLICUM
ACIDUM FOR,ACIDUM FORMICUM
ACIDUM NIT,ACIDUM NITRICUM
ACIDUM PHOS,ACIDUM PHOSPHORICUM
AEGLE FOL,AEGLE FOLIA
AGARICUS CAM,AGARICUS CAMPESTRIS
AGARICUS MUS,AGARICUS MUSCARIUS
APIS MEL,APIS MELLIFICA
AMBRA GRI,AMBRA GRISEA
AMMONIUM CARB,AMMONIUM CARBONICUM
ARGENTUM MET,ARGENTUM METALLICUM
ARUNDO DON,ARUNDO DONAX
ASCLEPIAS SYR,ASCLEPIAS SYRIACA
ASTERIAS RUB,ASTERIAS RUBENS
AURUM SUL,AURUM SULPHURATUM
BARYTA CARB,BARYTA CARBONICA
BISMUTHUM NIT,BISMUTHUM NITRICUM
BRANCA URS,BRANCA URSINA
CALADIUM SEG,CALADIUM SEGUINUM
CALCAREA PIC,CALCAREA PICRATA
CALOTROPIS GIG,CALOTROPIS GIGANTEA
CEANOTHUS AME,CEANOTHUS AMERICANUS
CEDRON,CEDRON
CHENOPODIUM ANT,CHENOPODIUM ANTHELMINTICUM
CHLORALUM,CHLORALUM
CIMICIFUGA RAC,CIMICIFUGA RACEMOSA
CINA,CINA
CROCUS SAT,CROCUS SATIVUS
CROTALUS HOR,CROTALUS HORRIDUS
DIGITALIS PUR,DIGITALIS PURPUREA
EUCALYPTUS GLO,EUCALYPTUS GLOBULUS
EUPATORIUM PUR..,EUPATORIUM PURPUREUM
EUPHORBIUM,EUPHORBIUM
EUPHRASIA OFF,EUPHRASIA OFFICINALIS
FERRUM MET,FERRUM METALLICUM
FERRUM PIC,FERRUM PICRICUM
FRAGARIA VES,FRAGARIA VESCA
HOMARUS,HOMARUS
HURA BRA,HURA BRASILIENSIS
HYOSCYAMUS NIG,HYOSCYAMUS NIGER
HYPERICUM PER,HYPERICUM PERFORATUM
INSULINUM,INSULINUM
KALI HY PHOS,KALI HYPOPHOSPHOROSUM
KALI IOD,KALI IODATUM
LATHYRUS SAT,LATHYRUS SATIVUS
LATRODECTUS MAC,LATRODECTUS MACTANS
LAUROCERASUS,LAUROCERASUS
LAVANDULA ANG,LAVANDULA ANGUSTIFOLIA
MAGNESIA MUR,MAGNESIA MURIATICA
MANCINELLA,MANCINELLA
MEPHITIS,MEPHITIS MEPHITICA
CAUSTICUM..,CAUSTICUM
ALLIUM CEPA,ALLIUM CEPA
PYROGENIUM,PYROGENIUM
ACIDUM OXA,ACIDUM OXALICUM
NATRUM CARB,NATRUM CARBONICUM
ACONITUM NAP,ACONITUM NAPELLUS
STAPHYSAGRIA,STAPHYSAGRIA
TEREBINTHINAE OL,TEREBINTHINAE OLEUM
PETROSELINUM SAT,PETROSELINUM SATIVUM(P.CRISPUM)
PHYSALIS ALK,PHYSALIS ALKEKENGI
PILOCARPINUM MUR,PILOCARPINUM MURIATICUM
PLATINUM MUR,PLATINUM MURIATICUM
POPULUS TRE,POPULUS TREMULOIDES
PSORALEA COR,PSORALEA CORYLIFOLIA
RAPHANUS SAT,RAPHANUS SATIVUS
RESERPINE,RESERPINE
RESORCINUM,RESORCINUM
SABADILLA,SABADILLA
SANGUINARINUM,SANGUINARINUM
SANTONINUM,SANTONINUM
SELENIUM,SELENIUM
SPARTIUM SCO,SPARTIUM SCOPARIUM(CYTISUS)
SPONGIA PUL,SPONGIA PULVIS
STREPTOCOCCINUM,STREPTOCOCCINUM
TELLURIUM,TELLURIUM
TEUCRIUM MAR VER,TEUCRIUM MARUM VERUM
THALLIUM,THALLIUM
THERIDION,THERIDION
VALERIANA OFF,VALERIANA OFFICINALIS
VESPA CRAB,VESPA CRABRO
AURUM MET,AURUM METALLICUM
BORAX,BORAX
IPECACUANHA,IPECACUANHA
LYCOPODIUM CLA,LYCOPODIUM CLAVATUM
ACONITUM NAP..,ACONITUM NAPELLUS
ARGENTUM NIT..,ARGENTUM NITRICUM
APIS MEL..,APIS MELLIFICA
BERBERIS VUL..,BERBERIS VULGARIS
BLATTA ORI..,BLATTA ORIENTALIS
CANTHARIS..,CANTHARIS
CHAMOMILLA..,CHAMOMILLA
CHININUM ARS CI..,CHININUM ARSENICICSUM
CHOLESTERINUM..,CHOLESTERINUM
CHINA OFF..,CINHONA OFFICINALIS(CHINA)
COCCULUS IND..,COCCULUS INDICUS
GLONOINUM..,GLONOINUM
HYOSCYAMUS NIG..,HYOSCYAMUS NIGER
IRIS VER..,IRIS VERSICOLOR
KALI MUR..,KALI MURIATICUM
NATRUM PHOS..,NATRUM PHOSPHORICUM
PODOPHYLLUM PEL..,PODOPHYLLUM PELTATUM
PSORINUM..,PSORINUM
PULSATILLA NIG..,PULSATILLA NIGRICANS
STAPHYSAGRIA..,STAPHYSAGRIA
VERATRUM ALB..,VERATRUM ALBUM
ABIES CAN..,ABIES CANADENSIS
ABIES NIG..,ABIES NIGRA
ABROMA AUG..,ABROMA AUGUSTA
ABROTANUM..,ABROTANUM
ACIDUM CARB..,ACIDUM CARBOLICUM
ACIDUM HYDR FL..,ACIDUM HYDROFLUORICUM
ACIDUM LAC..,ACIDUM LACTICUM
ACIDUM MUR..,ACIDUM MURIATICUM
ACIDUM NIT..,ACIDUM NITRICUM
ACIDUM PHOS..,ACIDUM PHOSPHORICUM
ACIDUM PIC..,ACIDUM PICRICUM
ACIDUM SUL..,ACIDUM SULPHURICUM
ACTAEA SPI..,ACTAEA SPICATA
AEGLE FOL..,AEGLE FOLIA
AETHUSA CYN..,AETHUSA CYNAPIUM
AGARICUS MUS..,AGARICUS MUSCARIUS
AGNUS CAS..,AGNUS CASTUS
AGRAPHIS NUT..,AGRAPHIS NUTANS
ALFALFA..,ALFALFA
ALLIUM CEPA..,ALLIUM CEPA
ALLIUM SAT..,ALLIUM SATIUM
ALOE SOC..,ALOE SOCOTRINA
ALSTONIA SCH..,ALSTONIA SCHOLARIS
ALUMEN..,ALUMEN
ALUMINA..,ALUMINA
AMBRA GRI..,AMBRA GRISEA
AMBROSIA ART..,AMBROSIA ARTEMISIAEFOLIA
AMMONIUM CARB..,AMMONIUM CARBONICUM
AMMONIUM MUR..,AMMONIUM MURIATICUM
ANACARDIUM ORI..,ANACARDIUM ORIENTALE
ANAGALLIS ARV..,ANAGALLIS ARVENSIS
ANGUSTURA..,ANGUSTURA VERA
ANTHRACINUM..,ANTHRACINUM
ANTIMONIUM CRU..,ANTIMONIUM CRUDUM
ANTIMONIUM TART..,ANTIMONIUM TARTARICUM
APOCYNUM CAN..,APOCYNUM CANNABINUM
ARALIA RAC..,ARALIA RACEMOSA
ARANEA DIA..,ARANEA DIADEMA
ARGENTUM MET..,ARGENTUM METALLICUM
ARSENICUM SUL RU.,ARSENICUM SULPHURATUM RUBRUM
ARNICA MONT..,ARNICA MONTANA
ARSENICUM IOD..,ARSENICUM IODATUM
ARSENICUM SUL FL.,ARSENICUM SULPHURATUM FLAVUM
ARTEMISIA VUL..,ARTEMISIA VULGARIS
ARUM TRI..,ARUM TRIPHYLLUM
ASAFOETIDA..,ASAFOETIDA
ASTACUS FLU..,ASTACUS FLUVIATILIS
ASTERIAS RUB..,ASTERIAS RUBENS
AURUM MET..,AURUM METALLICUM
AURUM MUR..,AURUM MURIATICUM
AVENA SAT..,AVENA SATIVA
BACILLINUM..,BACILLINUM
BADIAGA..,BADIAGA
BAPTISIA TIN..,BAPTISIA TINCTORIA
BARYTA MUR..,BARYTA MURIATICA
BELLADONNA..,BELLADONNA
BELLIS PER..,BELLIS PERENNIS
BENZENUM..,BENZENUM
BERBERIS AQ..,BERBERIS AQUIFOLIUM
BISMUTHUM MET..,BISMUTHUM METALLICUM
BORAX..,BORAX
BOVISTA..,BOVISTA
BROMIUM..,BROMIUM
BRYONIA ALB..,BRYONIA ALBA
BUFO RANA..,BUFO RANA
CACTUS GRA..,CACTUS GRANDIFLORUS
CADMIUM SUL RI..,CADMIUM SULPHURATUM
CALADIUM SEG..,CALADIUM SEGUINUM
CALCAREA ARS CI..,CALCAREA ARSENICICA
CALCAREA CARB..,CALCAREA CARBONICA
CALCAREA FLU..,CALCAREA FLUORICA
CALCAREA IOD..,CALCAREA IODATA
CALCAREA SUL..,CALCAREA SULPHURICA
CAMPHORA..,CAMPHORA
CANNABIS IND..,CANNABIS INDICA
CAPSICUM ANN..,CAPSICUM ANNUUM
CARBO ANI..,CARBO ANIMALIS
CARBO VEG..,CARBO VEGETABILIS
CARCINOSIN..,CARCINOSIN
CAULOPHYLLUM TH..,CAULOPHYLLUM THALICTRODES
CEANOTHUS AME..,CEANOTHUS AMERICANUS
CEDRON..,CEDRON
CHELIDONIUM MAJ..,CHELIDONIUM MAJUS
CHELONE GLA..,CHELONE GLABRA
CHIMAPHILA UMB..,CHIMAPHILA UMBELLATA
CHININUM SUL..,CHININUM SULPHURICUM
CHIONANTHUS VIR..,CHIONANTHUS VIRGINICA
CHLORALUM..,CHLORALUM
CHRYSAROBINUM..,CHRYSAROBINUM
CIMICIFUGA RAC..,CIMICIFUGA RACEMOSA
CINA..,CINA
CINERARIA MAR..,CINERARIA MARITIMA
CISTUS CAN..,CISTUS CANADENSIS
COCA..,COCA
COCCUS CAC..,COCCUS CACTI
CLEMATIS ERE..,CLEMATIS ERECTA
COFFEA CRU..,COFFEA CRUDA
COFFEA TOS..,COFFEA TOSTA
COLCHICUM AUT..,COLCHICUM AUTUMNALE
COLLINSONIA CAN..,COLLINSONIA CANADENSIS
COLOCYNTHIS..,COLOCYNTHIS
CONDURANGO..,CONDURANGO
CONIUM MAC..,CONIUM MACULATUM
CONVALLARIA MAJ..,CONVALLARIA MAJALIS
COPAIVA OFF..,COPAIVA OFFICINALIS
CORALLIUM RUB..,CORALLIUM RUBRUM
CRATAEGUS OXY..,CRATAEGUS OXYACANTHA
CROTON TIG..,CROTON TIGLIUM
CUBEBA OFF..,CUBEBA OFFICINALIS
CUPRUM ARS..,CUPRUM ARSENICOSUM
CUPRUM MET..,CUPRUM METALLICUM
CYCLAMEN EUR..,CYCLAMEN EUROPAEUM
DAMIANA..,DAMIANA
DESMODIUM GAN..,DESMODIUM GANGETICUM
DIGITALIS PUR..,DIGITALIS PURPUREA
DIOSCOREA VIL..,DIOSCOREA VILLOSA
DOLICHOS..,DOLICHOS(D.PRURIENS)
DULCAMARA..,DULCAMARA
DROSERA ROT..,DROSERA ROTUNDIFOLIA
ECHINACEA ANG..,ECHINACEA ANGUSTIFOLIA
EPHEDRINUM..,EPHEDRINUM
EQUISETUM HYE..,EQUISETUM HYEMALE
EUPATORIUM PER..,EUPATORIUM PERFOLIATUM
EUPHRASIA OFF..,EUPHRASIA OFFICINALIS
EUPHORBIUM..,EUPHORBIUM
EUPIONUM..,EUPIONUM
FEL TAU..,FEL TAURI
FERRUM ACE..,FERRUM ACETICUM
FERRUM ARS CI..,FERRUM ARSENICICUM
FERRUM MET..,FERRUM METALLICUM
FERRUM PHOS..,FERRUM PHOSPHORICUM
FORMICA RUF..,FORMICA RUFA
FUCUS VES..,FUCUS VESICULOSUS
GAMBOGIA..,GAMBOGIA
GAULTHERIA PRO..,GAULTHERIA PROCUMBENS
GNAPHALIUM POL..,GNAPHALIUM POLYCEPHALUM
GRANATUM..,GRANATUM
GRAPHITES..,GRAPHITES
GUAIACUM..,GUAIACUM
GUN POWDER..,GUN POWDER
HEKLA LAV..,HEKLA LAVA
HELLEBORUS NIG..,HELLEBORUS NIGER
HELONIAS DIO..,HELONIAS DIOICA
HYDRANGEA ARB..,HYDRANGEA ARBORESCENS
HYDRASTIS CAN..,HYDRASTIS CANADENSIS
HYDROCOTYLE ASI..,HYDROCOTYLE ASIATICA
HYDROPHOBINUM..,HYDROPHOBINUM
IGNATIA AMA..,IGNATIA AMARA
IODIUM..,IODIUM
INDIGO..,INDIGO
INFLUENZINUM..,INFLUENZINUM
IRIS TEN..,IRIS TENAX
JABORANDI..,JABORANDI
JALAPA..,JALAPA
JUSTICIA ADH..,JUSTICIA ADHATODA
KALI ARS..,KALI ARSENICOSUM
KALI BICAR..,KALI BICARBONICUM
KALI BROM..,KALI BROMATUM
KALI CARB..,KALI CARBONICUM
KALI CYA..,KALI CYANATUM
KALI IOD..,KALI IODATUM
KALI OXA..,KALI OXALICUM
KALI PHOS..,KALI PHOSPHORICUM
KALI SUL..,KALI SULPHURICUM
KALMIA LAT..,KALMIA LATIFOLIA
KREOSOTUM..,KREOSOTUM
LAC CAN..,LAC CANINUM
LAC DEF..,LAC DEFLORATUM
LACHESIS..,LACHESIS
LAPIS ALB..,LAPIS ALBUS
LACHNANTHES TIN..,LACHNANTHES TINCTORIA
LATHYRUS SAT..,LATHYRUS SATIVUS
LEPTANDRA..,LEPTANDRA
LILIUM TIG..,LILIUM TIGRINUM
LITHIUM CARB..,LITHIUM CARBONICUM
LOBELIA INF..,LOBELIA INFLATA
LYCOPUS VIR..,LYCOPUS VIRGINICUS
LYCOPODIUM CLA..,LYCOPODIUM CLAVATUM
MAGNESIA CARB..,MAGNESIA CARBONICA
MAGNESIA MUR..,MAGNESIA MURIATICA
MAGNESIA PHOS..,MAGNESIUM PHOSPHORICUM
MALARIA OFF..,MALARIA OFFICINALIS
MANGANUM ACE..,MANGANUM ACETICUM
MEDORRHINUM..,MEDORRHINUM
MELILOTUS ALB..,MELILOTUS ALBA
MEPHITIS MEP..,MEPHITIS MEPHITICA
MERC COR..,MERCURIUS CORROSIVUS
MERC CYA..,MERCURIUS CYANATUS
MERC DUL..,MERCURIUS DULCIS
MERC IOD FLA..,MERCURIUS IODATUS FLAVUS
MERC SOL..,MERCURIUS SOLUBILIS
MILLEFOLIUM..,MILLEFOLIUM
MORBILINUM..,MORBILINUM
MOSCHUS..,MOSCHUS
MEZEREUM..,MEZEREUM
MUREX PUR..,MUREX PURPUREA
MYGALE..,MYGALE
MYRISTICA SEB..,MYRISTICA SEBIFERA
NAJA TRI..,NAJA TRIPUDIANS
NATRUM ARS IC..,NATRUM ARSENICUM
NATRUM SUL IC..,NATRUM SULPHURICUM
NUX MOS..,NUX MOSCHATA
NUX VOM..,NUX VOMICA
OCIMUM CAN..,OCIMUM CANUM
OLEANDER..,OLEANDER
OLEUM MOR..,OLEUM MORRHUAE
ONOSMODIUM VIR..,ONOSMODIUM VIRGINIANUM
ORIGANUM VUL..,ORIGANUM VULGARE
OSTEO ART NOS..,OSTEO ARTHRITIC NOSODE
OVARINUM..,OVARINUM
PAEONIA OFF..,PAEONIA OFFICINALIS
PALLADIUM..,PALLADIUM
PAROTIDINUM..,PAROTIDINUM
PASSIFLORA INC..,PASSIFLORA INCARNATA
PERTUSSINUM..,PERTUSSINUM
PETROLEUM..,PETROLEUM
PHOSPHORUS..,PHOSPHORUS
PHYSOSTIGMA VEN..,PHYSOSTIGMA VENENOSUM
PHYTOLACCA..,PHYTOLACCA
PIPER MET..,PIPER METHYSTICUM
PLANTAGO MAJ..,PLANTAGO MAJOR
PLATINUM MET..,PLATINUM METALLICUM
PLUMBUM MET..,PLUMBUM METALLICUM
POTHOS FOE..,POTHOS FOETIDUS
PRUNUS SPI..,PRUNUS SPINOSA
PYROGENIUM..,PYROGENIUM
RADIUM BRO..,RADIUM BROMATUM
RANUNCULUS BUL..,RANUNCULUS BULBOSUS
RAPHANUS SAT..,RAPHANUS SATIVUS
RATANHIA..,RATANHIA
RAUVOLFIA SER..,RAUVOLFIA SERPENTINA
RENALIS CAL..,RENALIS CALCULI
RHEUM..,RHEUM
RHODODENDRON,RHODODENDRON CHRYSANTHUM
RHUS VEN..,RHUS VENENATA
RICINUS COM..,RICINUS COMMUNIS
ROBINIA PSE..,ROBINIA PSEUDACACIA
ROSMARINUS OFF..,ROSMARINUS OFFICINALIS
RUMEX CRI..,RUMEX CRISPUS
SABADILLA..,SABADILLA
SABAL SER..,SABAL SERRULATA
SABINA..,SABINA
SCROPHULARIA,SCROPHULARIA NODOSA
SALOLUM..,SALOLUM
SALIX NIG..,SALIX NIGRA
SAMBUCUS NIG..,SAMBUCUS NIGRA
ZINGIBER..,ZINGIBER
SANGUINARIA CAN..,SANGUINARIA CANADENSIS
SANICULA EUR..,SANICULA EUROPAEA
SANTONINUM..,SANTONINUM
SARSAPARILLA..,SARSAPARILLA
SECALE COR..,SECALE CORNUTUM
SELENIUM..,SELENIUM
SENECIO AURA..,SENECIO AURANTIACUS
SENEGA..,SENEGA
SEPIA..,SEPIA
SERUM ANG..,SERUM ANGUILLAE
SILICEA..,SILICEA
SINAPIS NIG..,SINAPIS NIGRA
SOLIDAGO VIR..,SOLIDAGO VIRGAUREA
SPIRITUS QUE,SPIRITUS QUERCUS GLANDIUM
STANNUM MET..,STANNUM METALLICUM
SPIGELIA..,SPIGELIA
SPONGIA TOS..,SPONGIA TOSTA
STICTA PUL..,STICTA PULMONARIA
STRAMONIUM..,STRAMONIUM
STREPTOCOCCINUM..,STREPTOCOCCINUM
STRONTIUM CARB..,STRONTIUM CARBONICUM
STROPHANTHUS,STROPHANTHUS
STRYCHNINUM NIT..,STRYCHNINUM NITRICUM
SULPHUR..,SULPHUR
SYMPHORICARPUS,SYMPHORICARPUS R
SYPHILINUM..,SYPHILINUM
SYZYGIUM JAM..,SYZYGIUM JAMBOLANUM
SYMPHYTUM OFF..,SYMPHYTUM OFFICINALE
TABACUM..,TABACUM
TARAXACUM..,TARAXACUM
TARENTULA CUB..,TARENTULA CUBENSIS
TARENTULA HIS..,TARENTULA HISPANICA
TELLURIUM..,TELLURIUM
TEUCRIUM MAR,TEUCRIUM MARUM VERUM
THALLIUM MET..,THALLIUM METALLICUM
THERIDION..,THERIDION
THUJA OCC..,THUJA OCCIDENTALIS
THYMOL..,THYMOL
TRILLIUM..,TRILLIUM
TUBERCULINUM..,TUBERCULINUM
TYPHOIDINUM..,TYPHOIDINUM
URANIUM NIT..,URANIUM NITRICUM
UREA PUR..,UREA PUR
USTILAGO MAY..,USTILAGO MAYDIS
VALERIANA OFF..,VALERIANA OFFICINALIS
VARIOLINUM..,VARIOLINUM
VERATRUM VIR..,VERATRUM VIRIDE
VIBURNUM OPU..,VIBURNUM OPULUS
VINCA MIN..,VINCA MINOR
VIOLA ODO..,VIOLA ODORATA
VISCUM ALB..,VISCUM ALBUM
WITHANIA SOM..,WITHANIA SOMNIFERA(ASHVAGANDHA)
X-RAYS..,X-RAYS
ZINCUM MET..,ZINCUM METALLICUM
ZINCUM PHOS..,ZINCUM PHOSPHORATUM
AESCULUS HIP..,AESCULUS HIPPOCASTANUM
ANTIMONIUM,ANTIMONIUM
ARSENICUM SUL,ARSENICUM SUL
AURUM MUR NAT..,AURUM MURIATICUM NATRONATUM
BOTHROPS LAN..,BOTHROPS LANCEOLATUS
CALCAREA MUR..,CALCAREA MURIATICA
CALCAREA OVA,CALCAREA OVA TOSTA
CALCAREA PIC..,CALCAREA PICRATA
CALCAREA PHOS..,CALCAREA PHOSPHORICA
CALENDULA OFF..,CALENDULA OFFICINALIS
FAGOPYRUM ESC..,FAGOPYRUM ESCULENTUM
GELSEMIUM SEM..,GELSEMIUM SEMPERVIRENS
HEPAR SUL..,HEPAR SULPHUR
HYDROCOTYLE,HYDROCOTYLE ASIATICA
IPECACUANHA..,IPECACUANHA
KALI NIT..,KALI NITRICUM
LEDUM PAL..,LEDUM PALUSTRE
MERC IOD RUB..,MERCURIUS IODATUS RUBER
NATRUM SAL..,NATRUM SALICYLICUM
PETROSELINUM,PETROSELINUM SATIVUM(P.CRISPUM)
PHYSOSTIGMA,PHYSOSTIGMA VENENOSUM
PODOPHYLLUM,PODOPHYLLUM
TEREBINTHINAE,TEREBINTHINAE OLEUM
THYROIDINUM..,THYROIDINUM
URTICA URE..,URTICA URENS
WIESBADEN..,WIESBADEN
ANDROGRAPHIS PAN.,ANDROGRAPHIS PANICULATA(KALMEGH)
CALOTROPIS GIG..,CALOTROPIS GIGANTEA
FRAXINUS AME..,FRAXINUS AMERICANA
GERANIUM MAC..,GERANIUM MACULATUM
GINSENG..,GINSENG
GLYCYRRHIZA GLA..,GLYCYRRHIZA GLABRA
GOSSYPIUM HER..,GOSSYPIUM HERBACEUM
GRINDELIA ROB..,GRINDELIA ROBUSTA
JANOSIA ASHOK..,JANOSIA ASHOKA
NYCTANTHES ARB..,NYCTANTHES ARBORTRISTIS
PAREIRA BRA..,PAREIRA BRAVA
PHYTOLACCA BER..,PHYTOLACCA BERRY
ACIDUM SUL OSU,ACIDUM SULHUROSUM
CROTALUS HOR..,CROTALUS HORRIDUS
NATRUM CARB..,NATRUM CARBONICUM
NATRUM MUR..,NATRUM MURIATICUM
ALUMINA,ALUMINA
MERC COR,MERCURIUS CORROSIVUS
PHYSOSTIGMA VEN,PHYSOSTIGMA VENENOSUM
TUBERCULINUM,TUBERCULINUM
GENTIANA LUT..,GENTIANA LUTEA
HAMAMELIS VIR..,HAMAMELIS VIRGINICA
MENTHA PIP..,MENTHA PIPERITA
PINUS LAM..,PINUS LAMBERTIANA
SANGUINARIA,SANGUINARIA
TERMINALIA ARJ..,TERMINALIA ARJUNA
ACIDUM HYDR,ACIDUM HYDROCYANICUM
ARSENICUM ALB..,ARSENICUM ALBUM
CHELIDONIUM,CHELIDONIUM MAJUS
FERRUM MUR..,FERRUM MURIATICUM
GNAPHALIUM,GNAPHALIUM POLYCEPHALUM
LEMNA MIN..,LEMNA MINOR
LYCOPODIUM,LYCOPODIUM CLAVATUM
ACIDUM BEN..,ACIDUM BENZOICUM
ARSENICUM MET..,ARSENICUM METALLICUM
BARYTA CARB..,BARYTA CARBONICA
BARYTA IOD..,BARYTA IODATA
CACUTS GRA..,CACUTS GRA..
CAULOPHYLLUM,CAULOPHYLLUM THALICTRODES
CHININUM ARS,CHININUM ARSENICICSUM
CICUTA VIR..,CICUTA VIROSA
LACHNANTHES,LACHNANTHES TINCTORIA
NAPHTHALINUM..,NAPHTHALINUM
ONOSMODIUM VIR..,ONOSMODIUM VIRGINIANUM
RHUS GLA..,RHUS GLABRA
ABIES,ABIES NIGRA
ACIDUM,ACIDUM
ACTAEA,ACTAEA
AETHUSA,AETHUSA CYNAPIUM
AESCULUS,AESCULUS HIPPOCASTANUM
AGARICUS,AGARICUS MUSCARIUS
AGNUS,AGNUS CASTUS
AGRAPHIS,AGRAPHIS NUTANS
ALLIUM,ALLIUM
ALOE,ALOE SOCOTRINA
ALSTONIA,ALSTONIA CONSTRICTA
AMMONIUM,AMMONIUM
ANACARDIUM,ANACARDIUM OCCIDENTALE
APIS,APIS MELLIFICA
APOCYNUM,APOCYNUM CANNABINUM
ARALIA,ARALIA RACEMOSA
ARANEA,ARANEA DIADEMA
ARGENTUM,ARGENTUM
ARSENICUM,ARSENICUM
ARUM,ARUM
ASARUM,ASARUM
ASTERIAS,ASTERIAS
AURUM,AURUM
AVENA,AVENA SATIVA
BARYTA,BARYTA
BELLIS,BELLIS PERENNIS
BERBERIS,BERBERIS VULGARIS
BISMUTHUM,BISMUTHUM
BLATTA,BLATTA ORIENTALIS
BUFO,BUFO RANA
CALCAREA,CALCAREA
CAPSICUM,CAPSICUM ANNUUM
CARBO,CARBO
CARBONEUM,CARBONEUM
CEANOTHUS,CEANOTHUS AMARICANUS
CHENOPODIUM,CHENOPODIUM ANTHELMINTICUM
CHIMAPHILA,CHIMAPHILA
CHINA,CINCHONA OFFICINALIS(CHINA)
CHININUM,CHININUM ARSENICOSUM
CHIONANTHUS,CHIONANTHUS VIRGINICA
CIMICIFUGA,CIMICIFUGA RACEMOSA
CISTUS,CISTUS CANADENSIS
COFFEA,COFFEA
CONIUM,CONIUM MACULATUM
CORALLIUM,CORALLIUM RUBRUM
CROTALUS,CROTALUS HORRIDUS
CROTON,CROTON TIGLIUM
CUPRUM,CUPRUM
DIGITALIS,DIGITALIS PURPUREA
DROSERA,DROSERA ROTUNDIFOLIA
ECHINACEA,ECHINACEA ANGUSTIFOLIA
ELAPS,ELAPS CORALLINUS
EPIGAEA,EPIGAEA REPENS
ERIGERON,ERIGERON CANADENSE
EUPATORIUM,EUPATORIUM PERFOLIATUM
FAGOPYRUM,FAGOPYRUM ESCULENTUM
FERRUM,FERRUM
FILIX,FILIX
FORMICA,FORMICA
FUCUS,FUCUS VESICULOSUS
GUN,GUN POWDER
NATRUM,NATRUM
HEKLA,HEKLA LAVA
HELLEBORUS,HELLEBORUS NIGER
HYDRASTIS,HYDRASTIS CANADENSIS
IRIS,IRIS TENAX
JATROPHA,JATROPHA CURCAS
JUGLANS,JUGLANS REGIA
JUSTICIA,JUSTICIA ADHATODA
KALI,KALI
LAC,LAC
LATHYRUS,LATHYRUS SATIVUS
LATRODECTUS,LATRODECTUS MACTANS
LEMNA,LEMNA MINOR
LILIUM,LILIUM TIGRINUM
LITHIUM,LITHIUM
LOBELIA,LOBELIA
LYCOPUS,LYCOPUS VIRGINICUS
MAGNESIA,MAGNESIA
MANGANUM,MANGANUM
MAGNESIUM,MAGNESIUM
MENTHA,MENTHA
MERC,MERC
MERC IOD,MERC IOD
MUREX,MUREX
NUX,NUX 
OENANTHE,OENANTHE CROCATA
ORNITHOGALUM,ORNITHOGALUM UMBELLATUM
OSMIUM,OSMIUM METALLICUM
OVA,OVA
PAEONIA,PAEONIA OFFICINALIS
PICHI,PICHI PICHI
PIX,PIX LIQUIDA
POTHOS,POTHOS FOETIDUS
PLANTAGO,PLANTAGO
PLATINUM,PLATINUM
PLUMBUM,PLUMBUM
RADIUM,RADIUM BROMATUM
RAPHANUS,RAPHANUS SATIVUS
RANUNCULUS,RANUNCULUS BULBOSUS
RHUS,RHUS
RICINUS,RICINUS COMMUNIS
RUMEX,RUMEX
SABAL,SABAL SERRULATA
SAMBUCUS,SAMBUCUS
SANICULA,SANICULA EUROPAEA
SENECIO,SENECIO AUREUS
SOLIDAGO,SOLIDAGO VIRGAUREA
SPONGIA,SPONGIA TOSTA
STANNUM,STANNUM METALLICUM
STICTA,STICTA PULMONARIA
STRONTIUM,STRONTIUM
TARENTULA,TARENTULA
THUJA,THUJA OCCIDENTALIS
TRILLIUM,TRILLIUM PENDULUM
URANIUM,URANIUM
UREA,UREA
URTICA,URTICA URENS
USTILAGO,USTILAGO MAYDIS
VALERIANA,VALERIANA
VANADIUM,VANADIUM
VERATRUM,VERATRUM
VIBURNUM,VIBURNUM
VINCA,VINCA
VIOLA,VIOLA
VISCUM,VISCUM
WYETHIA,WYETHIA
ZINCUM,ZINCUM
ACONITUM,ACONITUM NAPELLUS
AMBRA,AMBRA GRISEA
ARTEMISIA,ARTEMISIA
BOTHROPS,BOTHROPS LANCEOLATUS
CACTUS,CACTUS GRANDIFLORUS
CALENDULA,CALENDULA
CARDUUS,CARDUUS
CROCUS,CROCUS SATIVUS
DIOSCOREA,DIOSCOREA VILLOSA
EQUISETUM,EQUISETUM HYEMALE
GRINDELIA,GRINDELIA ROBUSTA
HELONIAS,HELONIAS DIOICA
HEPAR,HEPAR SULPHUR
IBERIS,IBERIS AMARA
LEDUM,LEDUM PALUSTRE
OLEUM,OLEUM
SECALE,SECALE
TEREBINTHINA,TEREBINTHINAE OLEUM
ROBINIA,ROBINIA PSEUDACACIA
ADONIS,ADONIS
ARNICA,ARNICA MONTANA
ASPIDOSPERMA,ASPIDOSPERMA
BAPTISIA,BAPTISIA TINCTORIA
BRYONIA,BRYONIA ALBA
CALADIUM,CALADIUM SEGUINUM
CALOTROPIS,CALOTROPIS GIGANTEA
CARICA,CARICA
CRATAEGUS,CRATAEGUS OXYACANTHA
EUPHRASIA,EUPHRASIA OFFICINALIS
GELSEMIUM,GELSEMIUM SEMPERVIRENS
GOSSYPIUM,GOSSYPIUM HERBACEUM
HAMAMELIS,HAMAMELIS VIRGINICA
HEDERA,HEDERA HELIX
IGNATIA,IGNATIA AMARA
KALMIA,KALMIA LATIFOLIA
MELILOTUS,MELILOTUS OFFICINALIS
MYRISTICA,MYRISTICA
OCIMUM,OCIMUM
PAREIRA,PAREIRA BRAVA
PASSIFLORA,PASSIFLORA INCARNATA
RUTA,RUTA GRAVEOLENS
SALIX,SALIX NIGRA
SPARTIUM,SPARTIUM SCOPARIUM
STERCULIA,STERCULIA ACCUMINATA
TRIBULUS,TRIBULUS
HYPERICUM,HYPERICUM PERFORATUM
SENECIO AURE..,SENECIO AUREUS
HYPERICUM PER..,HYPERICUM PERFORATUM
CANNABIS SAT..,CANNABIS SATIVA
RHUS TOX..,RHUS TOXICODENDRON
SYZYGIUM,SYZYGIUM JAMBOLANUM
HYDRANGEA,HYDRANGEA ARBORESCENS
FERRUM ARS CO,FERRUM ARSENICOSUM
MANGANUM MUR,MANGANUM MURIATICUM
RHAMNUS CAT,RHAMNUS CATHARTICUS
DENTON,DENTON
DIBONIL,DIBONIL
DYSMIN,DYSMIN TABLET
HOMEOCAL,HOMEOCAL
NIXOCID,NIXOCID
PELVORIN,PELVORIN
PIMPLEX,PIMPLEX
RELAXHED,RELAXHED
RITE HITE,RITE HITE
SCALPTONE,SCALPTONE
TONSILAT,TONSILAT
TRANQUIL,TRANQUIL
MULLEIN EAR,MULLEIN EAR
C.M.10%,C.M.10%
EUPHRASIA 10%,EUPHRASIA 10%
B-TRIM,B-TRIM
CLEARSTONE,CLEARSTONE
DAMIAGRA,DAMIAGRA
PROSTONUM,PROSTONUM
TONICARD,TONICARD
RINSOUT,RINSOUT
VERTEFINE,VERTEFINE
CHOLESTERINUM(S),CHOLESTERINUM(S)
GUN POWDER TAB(S),GUN POWDER TABLET(S)
CUPRUM NIT TAB(S),CUPRUM NIT TAB(S)
FERRUM MET TAB(S),FERRUM MET TAB(S)
DIABOHERB,DIABOHERB
LIV-T,LIV-T
UTROFYNE,UTROFYNE
ORTHOMUV,ORTHOMUV
ORTHOMUV MAS,ORTHOMUV MAS
COMBO,COMBO
HOMEODENT,HOMEODENT
HOMEODENT SAU,HOMEODENT SAU
HOMEODENT MIN,HOMEODENT MIN
CALCAREA FLU(S),CALCAREA FLU(S)
CALCAREA PHOS(S),CALCAREA PHOS(S)
CALCAREA SUL(S),CALCAREA SUL(S)
FERRUM PHOS(S),FERRUM PHOS(S)
KALI MUR(S),KALI MUR(S)
KALI PHOS(S),KALI PHOS(S)
KALI SUL(S),KALI SUL(S)
MAGNESIA PHOS(S),MAGNESIA PHOS(S)
NATRUM MUR(S),NATRUM MUR(S)
NATRUM PHOS(S),NATRUM PHOS(S)
FIVE PHOS(S),FIVE PHOS(S)
ACID CHRYSO,ACID CHRYSO
ORTHOMUV GEL,ORTHOMUV GEL
CUROPLUS,CUROPLUS
AMMI VISNAGA,AMMI VISNAGA
CUROPLUS GEL,CUROPLUS GEL
SILK-N-STAY,SILK-N-STAY
AURUM MUR NAT(W),AURUM MUR NAT(W)
CHOLESTERINUM(W),CHOLESTERINUM(W)
ALPHA-COFF,ALPHA-COFF
ANEKIND,ANEKIND
CALCIOKIND,CALCIOKIND
CHAMODENT,CHAMODENT
COLIKIND,COLIKIND
EUNKIND,EUNKIND
KINDIGEST,KINDIGEST
KINDIVAL,KINDIVAL
LUFFAKIND,LUFFAKIND
MUNOSTIM,MUNOSTIM
NISIKIND,NISIKIND
RINIKIND,RINIKIND
TUSSIKIND,TUSSIKIND
ALFALFA TONIC,ALFALFA TONIC(GINSENG)
ESSENTIA,ESSENTIA
DAMIAPLANT,DAMIAPLANT
BABY PHOS,BABY PHOS
HYMUSA,HYMUSA
KALMEGH,KALMEGH
SUPER ALFA,SUPER ALFALFA(FAMILY)TONIC
WHEEZAL,WHEEZAL
EYE,EYE
WORMSQUIL,WORMSQUIL
ARNICA HAIR,ARNICA HAIR
CALENDULA NECT,CALENDULA NECT
CALENDULA DRES,CALENDULA DRES
HEKLA LAVA,HEKLA LAVA
SCABOIL,SCABOIL
RENOCOL,RENOCOL
ARNIKESH,ARNIKESH
AQUI FOLIUM,AQUI FOLIUM
FEMACOL,FEMACOL
KOFGAN FORT,KOFGAN FORT
PHYTOFIT,PHYTOFIT
PILEN FORT,PILEN FORT
JONDILA,JONDILA
KOFEEZ,KOFEEZ
WITCH HAZEL,WITCH HAZEL
KOLLDENT TOOTH,KOLLDENT TOOTH
DERMEX,DERMEX
FERROCIN,FERROCIN
ASTHA AID,ASTHA AID
MENSO AID,MENSO AID
KOF AID,KOF AID
RHEUM AID,RHEUM AID
TENSE AID,TENSE AID
TONSIL AID,TONSIL AID
WORM-C,WORM-C
Y-LAX,Y-LAX
ALLER AID,ALLER AID
FORMULA-D,FORMULA-D
MIG AID,MIG AID
PILGO,PILGO
WART AID,WART AID
FERRUM PLUS,FERRUM PLUS
GO,GO
NASAL AID,NASAL AID
SEPT,SEPT
SPONDY,SPONDY
GASTROLIN,GASTROLIN
TONE UP,TONE UP
RHEUMA KOLL,RHEUMA KOLL
GLOW CARE,GLOW CARE
LORDENT TOTH,LORDENT TOTH
ANGEL GLOSS,ANGEL GLOSS
ENUREX,ENUREX
HEIGHTEX,HEIGHTEX
#B11,#B11
#B22,#B22
#B37,#B37
#B49,#B49
#B57,#B57
#B69,#B69
ALLEN,ALLEN
R01[RW],R01[RW]
R02[RW],R02[RW]
R03[RW],R03[RW]
R04[RW],R04[RW]
R05[RW],R05[RW]
R06[RW],R06[RW]
R07[RW],R07[RW]
R09[RW],R09[RW]
R10[RW],R10[RW]
R11[RW],R11[RW]
R12[RW],R12[RW]
R13[RW],R13[RW]
R14[RW],R14[RW]
VITA-C 15,VITA-C 15
R16[RW],R16[RW]
R17[RW],R17[RW]
R18[RW],R18[RW]
R19[RW],R19[RW]
R20[RW],R20[RW]
R21[RW],R21[RW]
R22[RW],R22[RW]
R23[RW],R23[RW]
R24[RW],R24[RW]
R25[RW],R25[RW]
R26[RW],R26[RW]
R27[RW],R27[RW]
R28[RW],R28[RW]
R29[RW],R29[RW]
R31[RW],R31[RW]
R32[RW],R32[RW]
R33[RW],R33[RW]
R34[RW],R34[RW]
R35[RW],R35[RW]
R36[RW],R36[RW]
R37[RW],R37[RW]
R38[RW],R38[RW]
R39[RW],R39[RW]
R40[RW],R40[RW]
R41[RW],R41[RW]
R42[RW],R42[RW]
R43[RW],R43[RW]
R44[RW],R44[RW]
R45[RW],R45[RW]
R46[RW],R46[RW]
R47[RW],R47[RW]
R48[RW],R48[RW]
R49[RW],R49[RW]
R50[RW],R50[RW]
R51[RW],R51[RW]
R52[RW],R52[RW]
R53[RW],R53[RW]
R54[RW],R54[RW]
R55[RW],R55[RW]
R56[RW],R56[RW]
R57[RW],R57[RW]
R58[RW],R58[RW]
R59[RW],R59[RW]
R60[RW],R60[RW]
R62[RW],R62[RW]
R63[RW],R63[RW]
R64[RW],R64[RW]
R65[RW],R65[RW]
R66[RW],R66[RW]
R67[RW],R67[RW]
R68[RW],R68[RW]
R69[RW],R69[RW]
R70[RW],R70[RW]
R71[RW],R71[RW]
R72[RW],R72[RW]
R73[RW],R73[RW]
R74[RW],R74[RW]
R75[RW],R75[RW]
R76[RW],R76[RW]
R77[RW],R77[RW]
R78[RW],R78[RW]
R81[RW],R81[RW]
R82[RW],R82[RW]
R83[RW],R83[RW]
R84[RW],R84[RW]
R85[RW],R85[RW]
R86[RW],R86[RW]
R87[RW],R87[RW]
R88[RW],R88[RW]
R89[RW],R89[RW]
HENNA,HENNA
C.M.D2EYE,C.M.D2EYE
YELO,YELO
SINO CARE,SINO CARE
GINSENG TAB(W),GINSENG TABLET(W)
NATRUM SUL(S),NATRUM SUL(S)
SILICEA(S),SILICEA(S)
ARNICA AMLA,ARNICA AMLA
ARNICA BLACK,ARNICA BLACK
ARNICA SPECIAL,ARNICA SPECIAL
CATHARINE,CATHARINE
FE-MIN,FE-MIN
HEKLA LAV TAB(S),HEKLA LAVA TABLET(S)
TONSIOTREN,TONSIOTREN
C.M.S EYE,C.M.S EYE
MAMIRA,MAMIRA
C.M.EYE,C.M.EYE
DROX-06,DROX-06
ANGIO CARD,ANGIO CARD
BRENUP,BRENUP
FACE WASH,FACE WASH
AMMI VIS..,AMMI VISNAGA
BACOPA(BRAHMI)..,BACOPA MONNIERI(BRAHMI)
EUCALYPTUS GLO..,EUCALYPTUS GLOBULUS
FICUS REL..,FICUS RELIGIOSA
PSORALEA COR..,PSORALEA CORYLIFOLIA
TRIBULUS TER..,TRIBULUS TERRESTRIS
VIBURNUM PRU..,VIBURNUM PRUNIFOLIUM
CARDUUS MAR..,CARDUUS MARIANUS
ACIDUM CHROM..,ACIDUM CHROMICUM
CHOLESTERINUM(L),CHOLESTERINUM(L)
TEUCRIUM,TEUCRIUM MARUM VERUM
POLYGONUM PUN..,POLYGONUM PUNCTATUM
GINKGO BIL..,GINKGO BILOBA
RUTA GRA..,RUTA GRAVEOLENS
FERRUM SIP,FERRUM SIP
DROX-12,DROX-12
DROX-17,DROX-17
DROX-19,DROX-19
DROX-33,DROX-33
HC 30,HC 30
HC 101,HC 101
ADEL 01,ADEL 01
ADEL 16,ADEL 16
ADEL 19,ADEL 19
BRYORHEUM,BRYORHEUM
SINUS,SINUS
VITAGEN,VITAGEN
THROAT AID,THROAT AID
ALOEVERA,ALOEVERA
AQUI PLUS,AQUI PLUS
DROX-07,DROX-07
RHEUMA SAJ,RHEUMA SAJ
ANTI MARKS,ANTI MARKS
SPONDIN,SPONDIN
APPETISER,APPETISER
BC,BC
CHOLESTERINUM(R),CHOLESTERINUM(R)
GUN POWDER TAB(R),GUN POWDER TABLET
HEKLA LAV TAB(R),HEKLA LAVA TABLET(R)
OVA TOSTA TAB(R),OVA TOSTA TAB(R)
LECITHINUM TAB(R),LECITHINUM TABLET(R)
OLEUM JEC TAB(R),OLEUM JEC TAB(R)
CALCAREA IOD(R),CALCAREA IOD(R)
ALETRIS FAR..,ALETRIS FARINOSA
LECITHINUM TAB(W),LECITHINUM TABLET(W)
AZADIRACHTA,AZADIRACHTA INDICA
BACOPA(BRAHMI)TAB,BACOPA MONNIERI(BRAHMI)TABLET
ECHINACEA ANG TAB,ECHINACEA ANGUSTIFOLIA TABLET
ESSENTIA INF,ESSENTIA INF
GINKGO BIL TAB,GINKGO BILOBA TABLET
HYPERICUM PER TAB,HYPERICUM PERFORATUM TABLET
RAUVOLFIA SER TAB,RAUVOLFIA SERPENTINA TABLET
SYZYGIUM JAM TAB,SYZYGIUM JAMBOLANUM TABLET
CALCAREA FLU(W),CALCAREA FLU(W)
CALCAREA PHOS(W),CALCAREA PHOS(W)
CALCAREA SUL(W),CALCAREA SUL(W)
FERRUM PHOS(W),FERRUM PHOS(W)
KALI MUR(W),KALI MUR(W)
KALI SUL(W),KALI SUL(W)
NATRUM MUR(W),NATRUM MUR(W)
SILICEA(W),SILICEA(W)
DIGESTO,DIGESTO
HC 24,HC 24
HC 53,HC 53
DIGE AID,DIGE AID
FERRUM PIC..,FERRUM PICRICUM
ASTHA,ASTHA
DAPHNE IND TAB(W),DAPHNE INDICA TABLET(W)
KALI PHOS(W),KALI PHOS(W)
FIVE PHOS(W),FIVE PHOS(W)
NUX VOM TAB(W),NUX VOM TABLET(W)
CHININUM PUR,CHININUM PURUM
OLEUM JEC TAB(S),OLEUM JEC TAB(S)
NATRUM ARS CO,NATRUM ARSENICOSUM
NATRUM NIT OS,NATRUM NITROSUM
ACIDUM HYDR CYA,ACIDUM HYDROCYANICUM
ACIDUM HYDR CYA..,ACIDUM HYDROCYANICUM
ANTIMONIUM CHL,ANTIMONIUM CHLORIDUM
COCCONICA,COCCONICA
ANTI,ANTI
HAIR BLACK,HAIR BLACK
CALCAREA FLU(R),CALCAREA FLU(R)
CALCAREA PHOS(R),CALCAREA PHOS(R)
CALCAREA SUL(R),CALCAREA SUL(R)
HC 62,HC 62
FEL TAU TAB(W),FEL TAURI TABLET(W)
FERRUM PHOS TAB,FERRUM PHOS TAB
FERRUM PHOS(R),FERRUM PHOS(R)
FERRUM SUL RI,FERRUM SULPHURICUM
KLIMAKTOLAN,KLIMAKTOLAN
KALI MUR(R),KALI MUR(R)
KALI PHOS(R),KALI PHOS(R)
KALI SUL(R),KALI SUL(R)
KALI BICAR,KALI BICARBONICUM
KAOLINUM(ALUM,KAOLINUM(ALUMINA SILICATA)
DIACARD,DIACARD
ERIODICTYON GLU,ERIODICTYON GLUTINOSUM(YERBA SANTA)
LAC DEF,LAC DEFLORATUM
MERC PER,MERCURIALIS PERENNIS
NATRUM SUL OS,NATRUM SULPHUROSUM
MAGNESIUM PHOS(R),MAGNESIUM PHOS(R)
NATRUM MUR(R),NATRUM MUR(R)
NATRUM PHOS(R),NATRUM PHOS(R)
NATRUM SUL(R),NATRUM SUL(R)
TUSSISTIN,TUSSISTIN
CALCAREA PHOS(A),CALCAREA PHOS(A)
MAGNESIUM PHOS(W),MAGNESIUM PHOS(W)
NEEM SANDAL,NEEM SANDAL
WARTEX FORTE,WARTEX FORTE
RAUVOLFIA,RAUVOLFIA SERPENTINA
HAIR BROWN,HAIR BROWN
GLOWING,GLOWING
ADEL 02,ADEL 02
ADEL 03,ADEL 03
ADEL 04,ADEL 04
ADEL 05,ADEL 05
ADEL 06,ADEL 06
ADEL 07,ADEL 07
ADEL 08,ADEL 08
ADEL 09,ADEL 09
ADEL 10,ADEL 10
ADEL 11,ADEL 11
ADEL 12,ADEL 12
ADEL 13,ADEL 13
ADEL 14,ADEL 14
ADEL 15,ADEL 15
ADEL 17,ADEL 17
ADEL 18,ADEL 18
ADEL 20,ADEL 20
ADEL 21,ADEL 21
ADEL 22,ADEL 22
ADEL 23,ADEL 23
ADEL 24,ADEL 24
ADEL 25,ADEL 25
ADEL 26,ADEL 26
ADEL 27,ADEL 27
ADEL 28,ADEL 28
ADEL 29,ADEL 29
ADEL 31,ADEL 31
ADEL 32,ADEL 32
ADEL 33,ADEL 33
ADEL 34,ADEL 34
ADEL 36,ADEL 36
ADEL 38,ADEL 38
ADEL 39,ADEL 39
ADEL 40,ADEL 40
ADEL 43,ADEL 43
ADEL 44,ADEL 44
ADEL 48,ADEL 48
ADEL 49,ADEL 49
ADEL 51,ADEL 51
ADEL 54,ADEL 54
ADEL 56,ADEL 56
ADEL 61,ADEL 61
ADEL 66,ADEL 66
ADEL 73,ADEL 73
ADEL,ADEL
ADEL 85,ADEL 85
ADEL 86,ADEL 86
ADEL 87,ADEL 87
ADEL 69,ADEL 69
ADEL 40+86,ADEL 40+86
NEO-CARD,NEO-CARD
ALPHA-ACID,ALPHA-ACID
SBL 01,SBL 01
SBL 02,SBL 02
SBL 04,SBL 04
SBL 03,SBL 03
SBL 05,SBL 05
SBL 06,SBL 06
CALCI AID,CALCI AID
WORMORID,WORMORID
HAIR BURGUN,HAIR BURGUN
GLOW,GLOW
CASCARA,CASCARA SAGRADA
STONE,STONE
FORMULA-P,FORMULA-P
ARNICA MONT FOR,ARNICA MONT FOR
NUPHAR LUT..,NUPHAR LUTEA
FIVE PHOS(R),FIVE PHOS(R)
GASTRO AID,GASTRO AID
HEIGHTEX GOLD,HEIGHTEX GOLD
DROX-23,DROX-23
ADONIS VER..,ADONIS VERNALIS
SPIGELIA MAR..,SPIGELIA MARILANDICA
NAJA,NAJA TRIPUDIANS
BABY,BABY
PILES,PILES
THALSPI BUR,THALSPI BUR
CALCAREA CARB(W),CALCAREA CARB(W)
HEKLA LAV TAB(W),HEKLA LAVA TABLET(W)
ARSENICUM IOD(S),ARSENICUM IOD(S)
TITANIUM TAB(R),TITANIUM TABLET(R)
VANADIUM MET..,VANADIUM METALLICUM
SILICEA(R),SILICEA(R)
TITANIUM TAB(A),TITANIUM TABLET(A)
ANOOPDHARA,ANOOPDHARA
UREA PUR TAB,UREA PUR TABLET
GLOBULES[M],GLOBULES[M]
GLOBULES[P],GLOBULES[P]
10ML,10ML
03ML,03ML
05ML,05ML
15ML,15ML
30ML,30ML
60ML,60ML
01-DRAM,01-DRAM
02-DRAM,02-DRAM
10GM DIBI,10GM DIBI
20GM DIBI,20GM DIBI
OLEUM JEC TAB(L),OLEUM JEC TAB(L)
FERRUM MET TAB(W),FERRUM MET TAB(W)
INSULINUM TAB(A),INSULINUM TABLET(A)
RHOMO,RHOMO
GUN POWDER TAB(W),GUN POWDER TABLET(W)
BAKUNIL,BAKUNIL
CALCAREA ARS,CALCAREA ARSENICOSA
BARYTA SUL,BARYTA SULPHURATUM
USNEA,USNEA BARBATA
YOHIMBINUM HYD,YOHIMBINUM HYDROCHLORICUM
SATIVOL,SATIVOL
MEMORISER,MEMORISER
GYMNEMA SYL..,GYMNEMA SYLVESTRE
GASTROLEX,GASTROLEX
ACALYPHA,ACALYPHA INDICA
FRAXINUS,FRAXINUS AMERICANA
CADMIUM,CADMIUM SULPHURATUM
#B59,#B59
JANOSIA,JANOSIA ASHOKA
FEBRAL,FEBRAL
GASTRO CARE,GASTRO CARE
HITE AID,HITE AID
SHAVING,SHAVING
UVA URS..,UVA URSI
#B34,#B34
HOLARRHENA ANT..,HOLARRHENA ANTIDYSENTERICA
BEEPEE,BEEPEE
BORAX TAB(L),BORAX TAB(L)
WARTEX,WARTEX
RHEUMACIN,RHEUMACIN
SKOOKUM CHUCK(L),SKOOKUM CHUCK(L)
THALSPI BUR PAS..,THALSPI BUR PAS..
MULLEIN FLO..,MULLEIN FLOWER
OCE BP,OCE BP
OCE PAIN,OCE PAIN
OCE,OCE
OCIMUM BAS,OCIMUM BASILICUM
STRYCHNINUM,STRYCHNINUM
20GM,20GM
08ML,08ML
AGUE NIL,AGUE NIL
ALMOND,ALMOND
YOHIMBINUM TAB(A),YOHIMBINUM TABLET(A)
S-CURE CREAM,S-CURE CREAM
ASCLEPIAS TUB..,ASCLEPIAS TUBEROSA
MANGIFERA IND..,MANGIFERA INDICA
MANGANUM OXY NIG,MANGANUM OXYDATUM NIGRUM
COCCULUS,COCCULUS
GAS OFF,GAS OFF
FAIR,FAIR
#B71,#B71
COCHLEARIA ARM..,COCHLEARIA ARMORACIA
CHELONE,CHELONE GLABRA
FACE,FACE
ARSENICUM IOD(R),ARSENICUM IOD(R)
PITUITRINE..,PITUITRINE
THLASPI BUR,THLASPI BURSA PASTORIS
QUERCUS E,QUERCUS E GLANDIBUS
MUD PACK,MUD PACK
BLEACH,BLEACH
APRICOT,APRICOT
DROX-02,DROX-02
DROX-34,DROX-34
ZINCUM VAL TAB(W),ZINCUM VAL TAB(W)
NATRUM PHOS(W),NATRUM PHOS(W)
NATRUM SUL(W),NATRUM SUL(W)
05GM,05GM
DROX-01,DROX-01
DROX-09,DROX-09
DROX-24,DROX-24
DROX-25,DROX-25
ACNE AID,ACNE AID
QUASSIA AMA..,QUASSIA AMARA
SWERTIA CHI..,SWERTIA CHIRATA
BARYTA MUR TAB(R),BARYTA MURIATICA TABLET
GYMNEMA,GYMNEMA SYLVESTRE
ALFAVENA,ALFAVENA MALT TONIC
GASTRO,GASTRO
GAULTHERIA,GAULTHERIA PROCUMBENS
BELLYTONE,BELLYTONE
GLOW AID,GLOW AID
#B09,#B09
SCUTELLARIA..,SCUTELLARIA
G.H.PHOS,G.H.PHOS
SEXON,SEXON
HYOSCYAMUS,HYOSCYAMUS NIGER
ONOSMODIUM,ONOSMODIUM VIRGINIANUM
ALETRIS,ALETRIS FARINOSA
MULLEIN,MULLEIN
BERBERIS VUL(D),BERBERIS VULGARIS (DABI)
LIVERCARE(INDO,LIVERCARE(INDO
DIGESTIN,DIGESTIN
HEKLA LAV TAB(A),HEKLA LAVA TABLET(A)
KALI PHOS(A),KALI PHOS(A)
NATRUM SUL(A),NATRUM SUL(A)
CALCAREA FLU(A),CALCAREA FLU(A)
SILICEA(A),SILICEA(A)
MAGNESIUM PHOS(A),MAGNESIUM PHOS(A)
CALCAREA CARB(S),CALCAREA CARB(S)
CALCAREA IOD(S),CALCAREA IOD(S)
GINKGO,GINKGO BILOBA
HERTONE,HERTONE
GLYCYRRHIZA,GLYCYRRHIZA GLABRA
PURAKTA,PURAKTA
BT HAIR,BT HAIR
BT ARNICA,BT ARNICA
BT,BT
AURUM MUR NAT(R),AURUM MUR NAT(R)
OLEUM JEC TAB(A),OLEUM JEC TAB(A)
NATRUM PHOS(A),NATRUM PHOS(A)
GUATTERIA,GUATTERIA
VIPERA TOR..,VIPERA TORVA
CODEINUM..,CODEINUM
COLLINSONIA,COLLINSONIA
D-ACNE,D-ACNE
GAS O PLUS,GAS O PLUS
A-193,A-193
A-192,A-192
ARNICA BRAHMI,ARNICA BRAHMI
ARNICA CINCHONA,ARNICA CINCHONA
BT ANTI-DANDUF,BT ANTI-DANDUF
BT ANTI-DAND,BT ANTI-DAND
CALCAREA SUL(A),CALCAREA SUL(A)
NATRUM MUR(A),NATRUM MUR(A)
GRIPE,GRIPE
A-208,A-208
LECITHINUM TAB(A),LECITHINUM TABLET(A)
#B20,#B20
KALI IOD TAB(W),KALI IOD TAB(W)
BARYTA SUL..,BARYTA SULPHURATUM
CARICA PAP..,CARICA PAPAYA
DIZESTER,DIZESTER
BENZINUM NIT,BENZINUM NITRICUM
KALI BROM TAB(W),KALI BROM TAB(W)
WYETHIA HEL..,WYETHIA HELENIODES
DROX-18,DROX-18
DROX-30,DROX-30
ERIGERON CAN..,ERIGERON CANADENSE
INSULINUM..,INSULINUM
MEDUSA..,MEDUSA
CROCUS SAT..,CROCUS SATIVUS
FERRUM PHOS(A),FERRUM PHOS(A)
FIVE PHOS(A),FIVE PHOS(A)
ALPHA-CF,ALPHA-CF
XANTHOXYLUM,XANTHOXYLUM
ALL PURPOSE,ALL PURPOSE
LAXEASE,LAXEASE
#B33,#B33
#B35,#B35
ABROMA RAD..,ABROMA RADIX
ABRUS PRE..,ABRUS PRECTATORIUS
ABSINTHIUM..,ABSINTHIUM
ACALYPHA IND..,ACALYPHA INDICA
ACER NEG..,ACER NEGUNDO
ACETANILIDUM..,ACETANILIDUM
ACHYRANTHES ASP..,ACHYRANTHES ASPERA
ACHYRANTHES,ACHYRANTHES ASPERA
ACIDUM ACE..,ACIDUM ACETICUM
ACIDUM ASC..,ACIDUM ASCORBICUM
ACIDUM BOR..,ACIDUM BORACICUM
ACIDUM BUT..,ACIDUM BUTYRICUM
ACIDUM CHRYS..,ACIDUM CHRYSOPHANICUM
ACIDUM CIT..,ACIDUM CITRICUM
ACIDUM FOR..,ACIDUM FORMICUM
ACIDUM GAL..,ACIDUM GALLICUM
ACIDUM NIT MUR..,ACIDUM NITRO MURIATICUM
ACIDUM OXA..,ACIDUM OXALICUM
ACIDUM SAL..,ACIDUM SALICYLICUM
ACIDUM SAR..,ACIDUM SARCOLACTICUM
ACIDUM TAN..,ACIDUM TANNICUM
ACIDUM TAR..,ACIDUM TARTARICUM
ACIDUM URI..,ACIDUM URICUM
ACONITUM FER..,ACONITUM FEROX
ACONITUM RAD..,ACONITUM RADICE
ACORUS CAL..,ACORUS CALAMUS
ADRENALIUM..,ADRENALIUM
AEGLE MAR..,AEGLE MARMELOS
AETHER AET..,AETHER AETHYLICUS
AETHIOPS ANT..,AETHIOPS ANTIMONIALIS
AETHIOPS MER..,AETHIOPS MERCURIALIS MINERALIS
AGAVE AME..,AGAVE AMERICANA
AILANTHUS GLA..,AILANTHUS GLANDULOSUS
ALLIUM URS..,ALLIUM URSINUM
ALNUS GLU..,ALNUS GLUTINOSA
ALSTONIA CON..,ALSTONIA CONSTRICTA
ALTHEA OFF..,ALTHEA OFFICINALIS
ALUMINIUM MET..,ALUMINIUM METALLICUM
ALUMINIUM PHOS..,ALUMINIUM PHOSPHORICUM
ALUMINIUM SUL..,ALUMINIUM SULPHRICUM
AMMONIACUM GUM..,AMMONIACUM GUMMI
AMMONIUM ACE..,AMMONIUM ACETICUM
AMMONIUM BEN..,AMMONIUM BENZOICUM
AMMONIUM BRO..,AMMONIUM BROMIDUM
AMMONIUM CAU..,AMMONIUM CAUSTICUM
AMMONIUM IOD..,AMMONIUM IODATUM
AMMONIUM NIT..,AMMONIUM NITRICUM
AMMONIUM PHOS..,AMMONIUM PHOSPHORICUM
AMMONIUM PIC..,AMMONIUM PICRICUM
AMMONIUM VAL..,AMMONIUM VALERIANICUM
AMOORA ROH..,AMOORA ROHITUKA
AMYGDALUS AMA..,AMYGDALUS AMARA
AMYGDALUS PER..,AMYGDALUS PERSICA
AMYL NIT..,AMYL NITROSUM
ANACARDIUM OCC..,ANACARDIUM OCCIDENTALE
ANANASSA..,ANANASSA
ANATHERUM MUR..,ANATHERUM MURICATUM
ANDROGRAPHIS,ANDROGRAPHIS PANICULATA(KALMEGH)
ANETHUM GRA..,ANETHUM GRAVEOLENS
ANGELICA ARC..,ANGELICA ARCHANGELICA
ANILINUM..,ANILINUM
ANILINUM SUL..,ANILINUM SULPHURICUM
ANTHEMIS NOB..,ANTHEMIS NOBILIS
ANTHRAKOKALI..,ANTHRAKOKALI
ANTIMONIUM ARS..,ANTIMONIUM ARSENICICUM
ANTIMONIUM IOD..,ANTIMONIUM IODATUM
ANTIMONIUM MUR..,ANTIMONIUM MURIATICUM
ANTIMONIUM OXY..,ANTIMONIUM OXYDATUM
ANTIMONIUM SUL..,ANTIMONIUM SULPHURATUM AUREUM
ANTIPYRINUM..,ANTIPYRINUM
APIS VIR..,APIS VIRUS
APIUM GRA..,APIUM GRAVEOLENS
APOCYNUM AND..,APOCYNUM ANDROSAEMIFOLIUM
APOMORPHIA..,APOMORPHIA
APOMORPHINUM,APOMORPHINUM MURIATCUM
AQUA MAR..,AQUA MARINA
ARECA CAT..,ARECA CATECHU
ARGEMONE MEX..,ARGEMONE MEXICANA
ARGENTUM CYA..,ARGENTUM CYANTATUM
ARGENTUM IOD..,ARGENTUM IODATUM
ARGENTUM MUR..,ARGENTUM MURIATICUM
ARGENTUM OXY..,ARGENTUM OXYDATUM
ARGENTUM PHOS..,ARGENTUM PHOSPHORICUM
ARISTOLOCHIA,ARISTOLOCHIA SERPENTARIA
ARSENICUM HYD..,ARSENICUM HYDROGENIATUM
ARUM MAC..,ARUM MACULATUM
ARUNDO MAU..,ARUNDO MAURITANICA
ASARUM EUR..,ASARUM EUROPAEUM
ASCARIS LUM..,ASCARIS LUMBRICOIDES
ASCLEPIAS SYR..,ASCLEPIAS SYRIACA
ATISTA IND..,ATISTA INDICA
ATISTA RAD..,ATISTA RADIX
ATROPINUM..,ATROPINUM
ATROPINUM SUL..,ATROPINUM SULPHURICUM
AUROMYCINE..,AUROMYCINE
AURUM IOD..,AURUM IODATUM
AURUM SUL..,AURUM SULPHURICUM
AVIAIRE..,AVIAIRE
AZADIRACHTA IND..,AZADIRACHTA INDICA
BALSUM PER..,BALSUM PERUVIANUM
BARYTA ACE..,BARYTA ACETICA
BENZINUM NIT..,BENZINUM NITRICUM
BENZOCAINUM..,BENZOCAINUM
BERYLLIUM MET..,BERYLLIUM METALLICUM
BETA VUL..,BETA VULGARIS
BISMUTHUM OXY..,BISMUTHUM OXYDATUM
BISMUTHUM NIT..,BISMUTHUM NITRICUM
BOERHAAVIA DIF..,BOERHAAVIA DIFFUSA
BOLDO..,BOLDO
BRUCINUM..,BRUCINUM
BRYOPHYLLUM CAL..,BRYOPHYLLUM CALYCINUM
CADMIUM ARS..,CADMIUM ARSENCICUM
CADMIUM FLU..,CADMIUM FLUORATUM
CADMIUM IOD..,CADMIUM IODATUM
CADMIUM MET..,CADMIUM METALLICUM
CADMIUM PHOS..,CADMIUM PHOSPHORICUM
CADMIUM SUL RA..,CADMIUM SULPHURATUM
CAESALPINIA BON..,CAESALPINIA BONDUCELLA
CAESALPINIA,CAESALPINIA
CAFFEINUM..,CAFFEINUM
CAJUPUTUM..,CAJUPUTUM
CALCAREA ACE..,CALCAREA ACETICA
CALCAREA ARS CO..,CALCAREA ARSENICOSA
CALCAREA BROM..,CALCAREA BROMATA
CALCAREA CAU..,CALCAREA CAUSTICA
CALCAREA HYPHOS..,CALCAREA HYPOPHOSPHOROSA
CALCAREA OXA..,CALCAREA OXALICA
CALCAREA SIL..,CALCAREA SILICATA
CALCULI,CALCULI
CALTHA PAL..,CALTHA PALUSTRIS
CAMPHORA BRO..,CAMPHORA BROMATA(MONO)
CARBONEUM OXY..,CARBONEUM OXYGENISATUM
CARBONEUM SUL..,CARBONEUM SULPHURATUM
CARCINOSIN SQU..,CARCINOSIN SQUAM PULM
CARCINO ADE ST..,CARCINO ADENO STOMACH
CARCINO SC MAM..,CARCINO SC MAMMAE
CARCINO ADE,CARCINO ADE
CARDUUS BEN..,CARDUUS BENEDICTUS
CARDUUS BAR,CARDUUS BAR
CARDUUS BAR..,CARDUUS BAR..
CARLSBAD..,CARLSBAD
CARUM CAR..,CARUM CARVI
CASCARA SAG..,CASCARA SAGRADA
CASCARILLA..,CASCARILLA
CASSIA FIS..,CASSIA FISTULA
CASSIA SOP..,CASSIA SOPHERA
CASTANEA VES..,CASTANEA VESCA
CASTOR EQU..,CASTOR EQUI
CASTOREUM..,CASTOREUM
CENCHRIS CON..,CENCHRIS CONTORTRIX
CEPHALANDRA IND..,CEPHALANDRA INDICA
CEPHALANDRA,CEPHALANDRA INDICA
CEREUS BON..,CEREUS BONPLANDI
CERIUM MET..,CERIUM METALLICUM
CERIUM OXA..,CERIUM OXALICUM
CHAPARO AMA..,CHAPARO AMARGOSO
CHAULMOOGRAE..,CHAULMOOGRAE
CHEIRANTHUS CHE..,CHEIRANTHUS CHEIRI
CHEIRANTHUS,CHEIRANTHUS CHEIRI
CHENOPODIUM ANT..,CHENOPODIUM ANTHELMINTICUM
CHININUM PUR..,CHININUM PURUM
CHININUM ARS CO..,CHININUM ARSENICOSUM
CHININUM BRO..,CHININUM BROMHYDRICUM
CHININUM MUR..,CHININUM MURIATICUM
CHLORINUM..,CHLORINUM
CHLOROFORMUM..,CHLOROFORMUM
CHRYSANTHEMUM P..,CHRYSANTHEMUM PARTHENIUM
CHRYSANTHEMUM,CHRYSANTHEMUM PARTHENIUM
CICUTA MAC..,CICUTA MACULATA
CIMEX LEC..,CIMEX LECTULARIUS
CINCHONINUM,CINCHONINUM SULFURICUM
CINCHONINUM SUL..,CINCHONINUM SULFURICUM
CINNABARIS..,CINNABARIS
CINNAMOMUM..,CINNAMOMUM
CITRUS LIM..,CITRUS LIMONUM
CITRUS VUL..,CITRUS VULGARIS
CLERODENDRON IN..,CLERODENDRON INFORTUNATUM
CLERODENDRON,CLERODENDRON INFORTUNATUM
COBALTUM MET..,COBALTUM METALLICUM
COBALTUM NIT..,COBALTUM NITRICUM
COCAINUM MUR,COCAINUM MURIATICUM
COCAINUM MUR..,COCAINUM MURIATICUM
COLA ACU..,COLA ACUMINATA
COLCHICINUM..,COLCHICINUM
CONVALLARIA,CONVALLARIA MAJALIS
CORIANDRUM SAT..,CORIANDRUM SATIVUM
CORNUS CIR..,CORNUS CIRINATA
CORTISONE..,CORTISONE
COTYLEDON UMB..,COTYLEDON UMBILICUS
CROTALUS CAS..,CROTALUS CASCAVELLA
CUCURBITA PEP..,CUCURBITA PEPO
CULEX PIP..,CULEX PIPIENS
CUPRESSUS LAW..,CUPRESSUS LAWSONIANA
CUPRUM ACE..,CUPRUM ACETICUM
CUPRUM CARB..,CUPRUM CARBONICUM
CUPRUM CHL,CUPRUM CHLORATUM
CUPRUM SUL RI,CUPRUM SULPHURICUM
CUPRUM SUL RI..,CUPRUM SULPHURICUM
CUPRUM SUL RA..,CUPRUM SULPHURATUM
CUPRUM NIT..,CUPRUM NITRICUM
CURARE..,CURARE
CURCUMA LON..,CURCUMA LONGA
CYCLOHEXANE..,CYCLOHEXANE
CYNODON DAC..,CYNODON DACTYLON
CYPRIPEDIUM PUB..,CYPRIPEDIUM PUBESCENS
CYPRIPEDIUM,CYPRIPEDIUM PUBESCENS
DAPHNE IND..,DAPHNE INDICA
DIPHTHERINUM..,DIPHTHERINUM
ELAPS COR..,ELAPS CORALLINUS
ELATERIUM..,ELATERIUM
EMBELIA OFF..,EMBELIA OFFICINALIS
EMBELIA RIB..,EMBELIA RIBES
EMETINUM MUR..,EMETINUM MURIATICUM
EPHEDRA VUL..,EPHEDRA VULGARIS
EPIGAEA REP..,EPIGAEA REPENS
EPIPHEGUS VIR..,EPIPHEGUS VIRGINIANA
ERIODICTYON GLU..,ERIODICTYON GLUTINOSUM(YERBA SANTA)
ERIODICTYON,ERIODICTYON GLUTINOSUM(YERBA SANTA)
ESCHSCHOLTZIA,ESCHSCHOLTZIA CALIFORNICA
ESERINUM..,ESERINUM
EUPHORBIA COR..,EUPHORBIA COROLLATA
EUONYMUS ATR..,EUONYMUS ATROPURPUREA
EUONYMUS EUR..,EUONYMUS EUROPAEUS
FERRUM ARS CO..,FERRUM ARSENICOSUM
FERRUM BRO..,FERRUM BROMATUM
FERRUM CARB..,FERRUM CARBONICUM
FERRUM IOD..,FERRUM IODATUM
FERRUM MAG..,FERRUM MAGNETICUM
FERRUM OXY..,FERRUM OXYDATUM
FERRUM SUL RI..,FERRUM SULPHURICUM
FICUS IND..,FICUS INDICA
FILARIA LOA-LOA..,FILARIA LOA-LOA
FILARIA,FILARIA
FILIX MAS..,FILIX MAS
FOENICULUM VUL..,FOENICULUM VULGARE
FRAGARIA VES..,FRAGARIA VESCA
GLYCERINUM..,GLYCERINUM
GNAPHALIUM ULI..,GNAPHALIUM ULIGINOSUM
GRATIOLA OFF..,GRATIOLA OFFICINALIS
GUACO..,GUACO
GUARANA..,GUARANA
GUAREA TRI..,GUAREA TRICHILOIDES
GYMNOCLADUS CAN..,GYMNOCLADUS CANADENSIS
GYMNOCLADUS,GYMNOCLADUS CANADENSIS
BACILLUS NO.7..,BACILLUS NO.7
BACILLUS NO.10..,BACILLUS NO.10
AMMI,AMMI VISNAGA
AMYLIUM,AMYLIUM NIT
ANAGALLIS,ANAGALLIS ARVENSIS
ARCTIUM,ARCTIUM
ARUNDO,ARUNDO
BENZOINUM..,BENZOINUM
CALLUNA VUL,CALLUNA VULGARIS
CARDON,CARDON
CAMPHORA MON..,CAMPHORA BROMATA(MONO)
CURCUMA,CURCUMA LONGA
CICUTA,CICUTA MACULATA
CLEMATIS,CLEMATIS
COBALTUM,COBALTUM
COLCHICUM,COLCHICUM AUTUMNALE
COCCUS,COCCUS CACTI
COPAIVA,COPAIVA OFFICINALIS
DIGITALINUM..,DIGITALINUM
DAPHNE,DAPHNE INDICA
ERYNGIUM AQU..,ERYNGIUM AQUATICUM
ERYNGIUM,ERYNGIUM AQUATICUM
FRAGARIA,FRAGARIA
FLUOR ALB,FLUOR ALBUS
GALEGA OFF..,GALEGA OFFICINALIS
GALIUM,GALIUM APARINE
GENTIANA,GENTIANA LUTEA
GENTIANA CRU..,GENTIANA CRUCIATA
HAEMATOXYLON,HAEMATOXYLON CAMPACHIANUM
HEDERA HEL..,HEDERA HELIX
HEPATICA,HEPATICA TRILOBA
HELIANTHUS ANN..,HELIANTHUS ANNUUS
HELIOTROPIUM,HELIOTROPIUM PERUVIANUM
HELODERMA..,HELODERMA
HEMIDESMUS IND..,HEMIDESMUS INDICA
HIPPOMANE MAN..,HIPPOMANE MANCINELLA
HISTAMINUM..,HISTAMINUM
HOANG NAN..,HOANG NAN
HOMARUS GAM..,HOMARUS GAMMERUS
HURA BRA..,HURA BRASILIENSIS
HYDRASTINUM..,HYDRASTINUM
HYDROCORTISONE..,HYDROCORTISONE
HYGROPHILLA,HYGROPHILLA SPINOSA
HYGROPHILLA SPI..,HYGROPHILLA SPINOSA
HYPOPHYSINE..,HYPOPHYSINE
HYPOPHYSINE LA..,HYPOPHYSINE LA
IBERIS AMA..,IBERIS AMARA
ILEX AQU..,ILEX AQUIFOLIUM
ILLICIUM ANI..,ILLICIUM ANISATUM
INDIUM MET..,INDIUM METALLICUM
INGLUVIN..,INGLUVIN
IODOFORMUM..,IODOFORMUM
IRIDIUM MET..,IRIDIUM METALLICUM
IRIDIUM,IRIDIUM METALLICUM
GERANIUM,GERANIUM MACULATUM
MUIRA,MUIRA
SEDUM,SEDUM
YUCCA,YUCCA FILAMENTOSA
JACARANDA CAR..,JACARANDA CAROBA
JATROPHA CUR..,JATROPHA CURCAS
JUGLANS CIN..,JUGLANS CINEREA
JUGLANS REG..,JUGLANS REGIA
JUNCUS EFF..,JUNCUS EFFUSUS
JUNIPERUS COM..,JUNIPERUS COMMUNIS
JUNIPERUS VIR..,JUNIPERUS VIRGINIANA
KALI ACE..,KALI ACETICUM
KALI BICHR..,KALI BICHROMICUM
KALI CAU..,KALI CAUSTICUM
KALI CHLOR..,KALI CHLORICUM
KALI CHROM..,KALI CHROMICUM
KALI FER..,KALI FERROCYANATUM
KALI HY PHOS..,KALI HYPOPHOSPHOROSUM
KALI PER..,KALI PERMANGANICUM
KALI PIC..,KALI PICRICUM
KAOLINUM..,KAOLINUM
KINO DE MAL..,KINO DE MALABAR
LAC FEL..,LAC FELINUM
LAC VAC..,LAC VACCINUM
LACTUCA VIR..,LACTUCA VIROSA
LAMIUM ALB..,LAMIUM ALBUM
LAPPA MAJ..,LAPPA MAJOR
LATRODECTUS MAC..,LATRODECTUS MACTANS
LAUROCERASUS..,LAUROCERASUS
LECITHINUM..,LECITHINUM
LEONUORUS CAR..,LEONUORUS CARDICA
LEUCAS ASP..,LEUCAS ASPERA
LIATRIS SPI..,LIATRIS SPICATA
LITHIUM BEN..,LITHIUM BENZOICUM
LITHIUM BRO..,LITHIUM BROMATUM
LOLIUM TEM..,LOLIUM TEMULENTUM
LUESINUM..,LUESINUM
LUFFA AMA..,LUFFA AMARA
LUFFA OPE..,LUFFA OPERCULATA
LUPULUS..,LUPULUS
LUTEINUM..,LUTEINUM
LYCOPERSICUM,LYCOPERSICUM ESCULENTUM
LIATRIS,LIATRIS SPICATA
LAPIS,LAPIS ALBUS
MYRICA,MYRICA
MAGNESIA OXY..,MAGNESIA OXYDATA
MAGNESIA SUL..,MAGNESIA SULPHURICA
MAGNOLIA GRA..,MAGNOLIA GRANDIFLORA
MALANDRINUM..,MALANDRINUM
MANGANUM CARB..,MANGANUM CARBONICUM
MANGANUM MET..,MANGANUM METALLICUM
MANGANUM MUR..,MANGANUM MURIATICUM
MELILOTUS OFF..,MELILOTUS OFFICICNALIS
MENTHOLUM..,MENTHOLUM
MENYANTHES TRI..,MENYANTHES TRIFOLIATA
MERC PER..,MERCURIALIS PERENNIS
MERC ACE..,MERCURIUS ACETICUC
MERC KALI IOD..,MERCURIUS KALI IODATUS
MERC NIT..,MERCURIUS NITRICUS
MERC OXY FLA..,MERCURIUS OXYDATUS FLAVUS
MERC PRE ALB..,MERCURIUS PRECIPITATUS ALBUS
MERC PRE RUB..,MERCURIUS PRECIPITATUS RUBER
MERC SUL..,MERCURIUS SULPHURICUS
MERC VIV..,MERCURIUS VIVUS
MICA..,MICA
MITCHELLA REP..,MITCHELLA REPENS
MORGAN,MORGAN
MORPHINE..,MORPHINE
MORPHINUM ACE..,MORPHINUM ACETICUM
MORPHINUM MUR..,MORPHINUM MURIATICUM
MUTABILIS..,MUTABILIS
MYOSOTIS ARV..,MYOSOTIS ARVENSIS
MYRICA CER..,MYRICA CERIFERA
MYRTUS COM..,MYRTUS COMMUNIS
MORGAN BAC,MORGAN BACH
NUPHAR,NUPHAR LUTEA
NARCOTINUM..,NARCOTINUM
NATRUM ACE..,NATRUM ACETICUM
NATRUM ARS CO..,NATRUM ARSENICOSUM
NATRUM BROM..,NATRUM BROMATUM
NATRUM CACO..,NATRUM CACODYLICUM
NATRUM CAU..,NATRUM CAUSTICUM
NATRUM CHL..,NATRUM CHLORICUM
NATRUM FLUOR..,NATRUM FLUORICUM
NATRUM HYPOC..,NATRUM HYPOCHLOROSUM
NATRUM HYPHOS..,NATRUM HYPOPHOSPHOROSUM
NATRUM IOD..,NATRUM IODATUM
NATRUM SUL OS..,NATRUM SULPHUROSUM
NICCOLUM CARB..,NICCOLUM CARBONICUM
NICCOLUM MET..,NICCOLUM METALLICUM
NICCOLUM SUL..,NICCOLUM SULPHURICUM
NICOTINUM..,NICOTINUM
NITRI SPI DUL..,NITRI SPIRITUS DULCIS
NYMPHAEA ODO..,NYMPHAEA ODORATA
OXYTROPIS,OXYTROPIS
OCIMUM BAS..,OCIMUM BASILICUM
OCIMUM SAN..,OCIMUM SANCTUM
OENANTHE CRO..,OENANTHE CROCATA
OLEUM ANI..,OLEUM ANIMALE
OLEUM RIC..,OLEUM RICINI
OLEUM SAN..,OLEUM SANTALI
OPIUM..,OPIUM
OPUNTIA VUL..,OPUNTIA VULGARIS
ORIGANUM MAJ..,ORIGANUM MAJORANA
OSMIUM MET..,OSMIUM METALLICUM
OXYDENDRUM ARB..,OXYDENDRUM ARBOREUM
OXYTROPIS CAM..,OXYTROPIS CAMPESTRIS
OXYURUS VER..,OXYURUS VERMICULARIS
ORIGANUM MAJ,ORIGANUM MAJORANA
PINUS,PINUS
PALOONDO,PALOONDO
PAROTIDINUM,PAROTIDINUM
PANCREATINUM..,PANCREATINUM
PARAFFINUM..,PARAFFINUM
PARATHYROIDINUM..,PARATHYROIDINUM
PARATYPHOIDINUM,PARATYPHOIDINUM B
PARIS QUA..,PARIS QUADRIFOLIA
PENICILLINUM..,PENICILLINUM
PENTHORUM SED..,PENTHORUM SEDOIDES
PEPSINUM..,PEPSINUM
PERSICARIA ACR..,PERSICARIA ACRIS
PESTINUM..,PESTINUM
PHASEOLUS VUL..,PHASEOLUS VULGARIS
PHELLANDRIUM AQ..,PHELLANDRIUM AQUATICUM
PHELLANDRIUM,PHELLANDRIUM AQUATICUM
PHOSPHORUS RUB..,PHOSPHORUS RUBRUM
PHYSALIS ALK..,PHYSALIS ALKEKENGI
PICROTOXINUM..,PICROTOXINUM
PILOCARPINUM,PILOCARPINUM MURIATICUM
PIMPINELLA SAX..,PIMPINELLA SAXIFRAGA
PINUS SYL..,PINUS SYLVESTRIS
PIPER NIG..,PIPER NIGRUM
PISCIDIA ERY..,PISCIDIA ERYTHRINA
PIX LIQ..,PIX LIQUIDA
PLACENTA..,PLACENTA
PLATANUS OCC..,PLATANUS OCCIDENTALIS
PLATINUM MUR..,PLATINUM MURIATICUM
PLUMBAGO LIT..,PLUMBAGO LITTORALIS
PLUMBUM ACE..,PLUMBUM ACETICUM
PLUMBUM CARB..,PLUMBUM CARBONICUM
PLUMBUM CHR..,PLUMBUM CHROMICUM
PLUMBUM IOD..,PLUMBUM IODATUM
PODOPHYLLIN..,PODOPHYLLIN
POLLANTINUM..,POLLANTINUM
POLYGONUM SAG..,POLYGONUM SAGITTATUM
POPULUS CAN..,POPULUS CANDICANS
PREDNISONE..,PREDNISONE
PROSTATINUM..,PROSTATINUM
PROTEUS MOR..,PROTEUS MORGANI
PRUNUS VIR..,PRUNUS VIRGINIANA
PTELEA TRI..,PTELEA TRIFOLIA
PNEUMOCOCCINUM,PNEUMOCOCCINUM
POLYARTHRITIS NO,POLYARTHRITIS NOSODE
QUILLAYA SAP..,QUILLAYA SAPONARIA
RADIUM BRO,RADIUM BROMIDE
ROSMARINUS,ROSMARINUS OFFICINALIS
RUBIA,RUBIA TINCTORUM
R.N.A..,R.N.A
RANUNCULUS SCE..,RANUNCULUS SCELERATUS
RENINE..,RENINE
RESORCINUM..,RESORCINUM
RHAMNUS CAL..,RHAMNUS CALIFORNICA
RHAMNUS CAT..,RHAMNUS CATHARTICUS
RHAMNUS FRA..,RHAMNUS FRANGULA
RHUS ARO..,RHUS AROMATICA
ROSA DAM..,ROSA DAMASCENA
RUMEX ACE..,RUMEX ACETOSA
SEMPERVIVUM,SEMPERVIVUM TECTORUM
SINAPIS,SINAPIS
STELLARIA,STELLARIA MEDIA
SACCHARUM LAC..,SACCHARUM LACTIS
SACCHARUM OFF..,SACCHARUM OFFICINALE
SALVIA OFF..,SALVIA OFFICINALIS
SALMONELLA ENT..,SALMONELLA ENTERIDITIS
SAMARIUM OXY..,SAMARIUM OXYDATUM
SAMBUCUS CAN..,SAMBUCUS CANADENSIS
SANGUINARINUM..,SANGUINARINUM
SANGUISUGA OFF..,SANGUISUGA OFFICINALIS
SARRACENIA PUR..,SARRACENIA PURPUREA
SCOPOLAMINUM..,SCOPOLAMINUM
SEDUM ACR..,SEDUM ACRE
SEMPERVIVUM TEC..,SEMPERVIVUM TECTORUM
SENNA..,SENNA
SILICA MAR..,SILICA MARINA
SINAPIS ALB..,SINAPIS ALBA
SOLANUM NIG..,SOLANUM NIGRUM
SOLANUM XAN..,SOLANUM XANTHOCARPUM
SPARTEINUM SUL..,SPARTEINUM SULPHURICUM
SPIRANTHES AUT..,SPIRANTHES AUTUMNALIS
SQUILLA(SCILLA)..,SQUILLA(SCILLA)
STANNUM IOD..,STANNUM IODATUM
STELLARIA MED..,STELLARIA MEDIA
STIGMATA MAY..,STIGMATA MAYDIS
STILBOESTROLUM..,STILBOESTROLUM
STILLNGIA SYL..,STILLNGIA SYLVATICA
STREPTOMYCINUM..,STREPTOMYCINUM
STRONTIUM HYD..,STRONTIUM HYDROXIDE
STRYCHNINUM..,STRYCHNINUM
STRYCHNINUM ARS..,STRYCHNINUM ARSENICICUM
STRYCHNINUM VAL..,STRYCHNINUM VALERIANICUM
SULPHUR IOD..,SULPHUR IODATUM
SULPHANILAMIDUM..,SULPHANILAMIDUM
SUMBUL..,SUMBUL
SYCOTI-CO..,SYCOTI-CO
TITANIUM,TITANIUM
TAMUS COM..,TAMUS COMMUNIS
TANACETUM VUL..,TANACETUM VULGARE
TAXUS BAC..,TAXUS BACCATA
TELA ARA,TELA ARANEARUM
TERMINALIA CHE..,TERMINALIA CHEBULA
TERPINUM..,TERPINUM
THALLIUM ARS..,THALLIUM ARSENICICUM
THASPIUM AUR..,THASPIUM AUREUM
THEA CHI..,THEA CHINENSIS
THIOSINAMINUM..,THIOSINAMINUM
THYMUSINE..,THYMUSINE
THYMUS VUL..,THYMUS VULGARIS
THYROXINUM..,THYROXINUM
TILIA EUR..,TILIA EUROPAEA
TINOSPORA COR..,TINOSPORA CORDIFOLIA
TRICHOSANTHES,TRICHOSANTHES DIOICA
TRIFOLIUM PRA..,TRIFOLIUM PRATENSE
TRIFOLIUM REP..,TRIFOLIUM REPENS
TRITICUM REP..,TRITICUM REPENS
TUSSILAGO FAR..,TUSSILAGO FARFARA
TYLOPHORA IND..,TYLOPHORA INDICA
UVA,UVA URSI
URANIUM MUR..,URANIUM MURIATICUM
USNEA BAR..,USNEA BARBATA
VERBASCUM,VERBASCUM THAPSUS
YERBA,YERBA
VIPERA,VIPERA
VACCINIUM MYR..,VACCINIUM MYRTILLUS
VACCINOTOXINUM..,VACCINOTOXINUM
VERBASCUM THA..,VERBASCUM THAPSUS
VERBENA OFF..,VERBENA OFFICINALIS
VERNONIA ANT..,VERNONIA ANTHELMINTICA
VESPA CRAB..,VESPA CRABRO
VIOLA TRI..,VIOLA TRICOLOR
VINCA MAJ..,VINCA MAJOR
VINCETOXICUM,VINCETOXICUM
XANTHOXYLUM FRA..,XANTHOXYLUM FRAXINEUM
XEROPHYLLUM ASP..,XEROPHYLLUM ASPHODELOIDES
YUCCA FIL..,YUCCA FILAMENTOSA
ZINCUM ACE..,ZINCUM ACETICUM
ZINCUM BRO..,ZINCUM BROMATUM
ZINCUM CARB..,ZINCUM CARBONICUM
ZINCUM CYA..,ZINCUM CYANATUM
ZINCUM IOD..,ZINCUM IODATUM
ZINCUM MUR..,ZINCUM MURIATICUM
ZINCUM OXY..,ZINCUM OXYDATUM
ZINCUM SUL..,ZINCUM SULPHURICUM
ZINCUM VAL..,ZINCUM VALERIANICUM
BT DENTAL CARE,BT DENTAL CARE
AURUM MUR NAT(L),AURUM MUR NAT(L)
POLYPORUS,POLYPORUS
ZAUBER,ZAUBER
RHUSTEE,RHUSTEE
PLASTIC POUCH,PLASTIC POUCH
BT NEEM FACE,BT NEEM FACE
TALCUM,TALCUM
BT COOL TALC,BT COOL TALC
ARSENICUM IOD(A),ARSENICUM IOD(A)
CHOLESTERINUM(A),CHOLESTERINUM(A)
DROX-16,DROX-16
DIAB AID,DIAB AID
CARBO VEG TAB(S),CARBO VEGETABILIS TABLET
KALI SUL(A),KALI SUL(A)
KALI IOD TAB(A),KALI IOD TAB(A)
KALI MUR(A),KALI MUR(A)
BORAX TAB(W),BORAX TAB(W)
ALPHA-NC,ALPHA-NC
ALPHA-DP,ALPHA-DP
CALENDULA NEC,CALENDULA NEC
DIGEX,DIGEX
ACID,ACID
PELVI,PELVI
SBL 09,SBL 09
CARBO VEG TAB(W),CARBO VEGETABILIS TABLET
BORAX TAB(A),BORAX TAB(A)
ALPHA-CC,ALPHA-CC
ARSENICUM IOD(W),ARSENICUM IOD(W)
SABAL SER TAB(W),SABAL SERRULATA TABLET(W)
CRATAEGUS OXY TAB,CRATAEGUS OXYACANTHA TABLET
B.P.CARE,B.P.CARE
STERLIM-M,STERLIM-M
ASCLEPIAS TUB(ST),ASCLEPIAS TUB(ST)
UNDER EYE CREAM,UNDER EYE CREAM
AURUM MUR NAT(S),AURUM MUR NAT(S)
SBL 08,SBL 08
SBL 07,SBL 07
SBL 10,SBL 10
FUMARIA,FUMARIA OFFICINALIS
ASPEN,ASPEN
CENTAURY,CENTAURY
LARCH,LARCH
WHITE CHES,WHITE CHES
GENTIAN,GENTIAN LUTEA
SCLER ANT,SCLER ANT
CRAB APPLE,CRAB APPLE
STAR OF BETH,STAR OF BETH
HORNBEAM,HORNBEAM
20ML,20ML
CALCAREA FLU(B),CALCAREA FLU(B)
LEPTANDRA VIR,LEPTANDRA 
YERBA SAN,YERBA SAN
BABY COUGH,BABY COUGH
BRAHMI,BRAHMI
HOMOEO DIL,HOMOEO DIL
AC#4,AC#4
HEPAR SUL TAB,HEPAR SULPHUR TABLET
NATRUM CARB,NATRUM CARBONICUM
ASCLEPIAS,ASCLEPIAS
ASCLEPIAS SYR(ST),ASCLEPIAS SYR(ST)
WIPECLEAR,WIPECLEAR
ACHE-NIL,ACHE-NIL
AC#9,AC#9
ACIDUM SUL(L),ACIDUM SUL(L)
PAPAYA PACK,PAPAYA PACK
UVA URSI,UVA URSI
ALFA,ALFAMALT FORTE TONICA
DIGI,DIGI
DIB,DIB
LIVO,LIVO
AR-05,AR-05
AR-10 COUGH &,AR-10 COUGH &
AR-13,AR-13
AR-15 HAIR,AR-15 HAIR
AR-03 STONE,AR-03 STONE
AR-06,AR-06
AR-14 URINARY,AR-14 URINARY
FEM,FEM
FAIRNESS,FAIRNESS
STAY,STAY
STAY FRESH(FOR,STAY FRESH(FOR
APPLE PACK,APPLE PACK
COCOA BUTTER,COCOA BUTTER
ANTI WRINKLE,ANTI WRINKLE
SELENIUM TAB,SELENIUM TABLET
ARNICA SPRAY,ARNICA SPRAY
BORO ARNICA,BORO ARNICA
ALOEVERA CALEN,ALOEVERA CALEN
FRUIT,FRUIT
SAFFRON GOLD,SAFFRON GOLD
SCIRRHINUM,SCIRRHINUM
BT CALENDULA,BT CALENDULA
REPL,REPL
TOP-ARNICA,TOP-ARNICA
HOLARRHENA ANT(W),HOLARRHENA ANTIDYSENTERICA(W)
NATRUM BICARB(W),NATRUM BICARBONICUM(W)
HAIR REMOVAL,HAIR REMOVAL
BABY TONE,BABY TONE
BLUMIA ODO,BLUMIA ODO
VESICARIA COM,VESICARIA COM
PULSATILLA NIG,PULSATILLA NIGRICANS
GELSEMIUM SEM(F),GELSEMIUM SEM(F)
CADMIUM SUL,CADMIUM SULPHURATUM
OVA TESTA,OVA TESTA
DOLICHOS PRU(S.T),DOLICHOS PRURIENS(S.T)
HEDEOMA PUL(S.T),HEDEOMA PULEGIOIDES(S.T)
PITUITARY,PITUITARY
AC#7 TAB,AC#7 TAB
ALPHA,ALPHA
BELLADONA,BELLADONNA
SCLERANTHUS,SCLERANTHUS
MIMULUS,MIMULUS
WHITE CHESTNUT,WHITE CHESTNUT
RESCUE REMEDY,RESCUE REMEDY
A,A
BABCHI,BABCHI
SULPHUR.,SULPHUR
SANG.NIT,SANG.NIT
ARNICA MONTANA,ARNICA MONTANA
SLEEPTITE,SLEEPTITE
JUSTASIA,JUSTICIA ADHATODA
WL45,WL45
HC25,HC25
THYRODINUM..,THYRODINUM
Y LEX,Y LEX
FLU AID TAB,FLU AID TAB
WALNUT,WALNUT
